id,provider,query,title,url,authors,published,source_type,language,abstract,retrieved_at,evidence_class
952351b4a91a0e2f,openalex,Ctesibius water clock,Ktesibios (Ctesibius) of Alexandria,https://doi.org/10.1002/9781444338386.wbeah09150.pub2,Georgia L. Irby; Ivana M. Petrovic,2023,academic_work,,"Abstract Ktesibios of Alexandria was a third‐century bce innovator who employed pneumatics and hydraulics to invent and improve mechanical devices, including water pumps (for fighting large‐scale fires), water organs, the water clock, the pneumatic catapult, and entertaining mechanical devices.",2026-10-05T10:37:36.935585+00:00,B
aba263fc26d1d9c7,openalex,Ctesibius water clock,"Ctesibius, inventor, fl. 270 BCE",https://doi.org/10.1093/acrefore/9780199381135.013.1945,G. J. Toomer,2015,academic_work,,"Inventor (fl. 270 bce), was the son of a barber in *Alexandria (1), and employed by *Ptolemy (1) II. He was the first to make devices employing '*pneumatics', i.e. the action of air under pressure. His work on the subject is lost, but descriptions of some of his inventions are preserved by *Philon (2), *Vitruvius, and *Heron. These include the pump with plunger and valve (Vitr. 10. 7; Heron, Pneumatics 1. 28), the water-organ (Vitr. 10. 8), the first accurate water-clock (Vitr. 9. 8. 4 ff.; see clocks) and a war-catapult (Philon, Belopoeica43). No great theoretician, Ctesibius was a mechanical genius, some of whose inventions were of permanent value. It is probable that many of the basic ideas in the works of Philon and Heron on mechanical devices derive from him.",2026-10-05T10:37:36.940393+00:00,A
5c3456e79a6b479d,openalex,Ctesibius water clock,Clocks and Watches,https://doi.org/10.1007/978-94-007-7747-7_9610,Donald R. Hill,2016,academic_work,,,2026-10-05T10:37:36.940417+00:00,B
a9c9e36f9e5ec354,openalex,Ctesibius water clock,Historical development of water-powered mechanical clocks,https://doi.org/10.5194/ms-12-203-2021,Zheng-Hui Hwang; Hong-Sen Yan; Tsung-Yi Lin,2021,academic_work,,"Abstract. This article examines the historical development of ancient water-powered mechanical clocks. The study begins with a comprehensive analysis and comparison of the different types of ancient clepsydra, their use and development and the development of their feedback systems, power systems, and time-reporting systems. Before becoming mechanized, water clocks (clepsydra) were mainly used for astronomical timekeeping, during religious sacrifices, for military affairs, court litigation timekeeping, and the time allocation of water rights. The invention of the feedback system in the 3rd century before common era (BCE) opened the door to the mechanization of water clocks. The float is the earliest power-driven element. In the 8th century, the emergence of waterwheels with timing functions in water-powered mechanical clocks prompted ancient China to develop water-powered mechanical clocks with waterwheel steelyard clepsydra devices, time-reporting devices, astronomical demonstration devices, and multiple time-reporting wooden pavilions. After the 13th century, mechanical clocks started to integrate elements from Chinese and Western cultures. In addition to the development of new styles of water-powered mechanical clocks in ancient China, the Western mercury wheels with timing functions evolved into compartmented cylindrical mercury clocks.",2026-10-05T10:37:36.940437+00:00,B
f710c3d2235fc1a5,openalex,Ctesibius water clock,"The Ekphrasis on the Water Clock: Art, Rhetoric and Measurement of Time in Sixth-Century Gaza",https://doi.org/10.71043/sci.v44i1.13955,Rina Talgam,2025,academic_work,,"This paper discusses The Ekphrasis on the Water Clock, composed in the sixth century C.E. by Procopius of Gaza.It inspects three facets: 1.The Gaza clock against the background of other clocks in antiquity 2. The artwork of the theatrical display presented in the Gaza clock 3. The rhetoric of Procopius' ekphrasis.The Ekphrasis on the Water Clock exemplifies how the character of ekphrasis is adapted to the item that is described.It appears that Procopius chose to convey his impressions in an objective tone, out of concern that readers might question his credibility and presume the water clock to be an imaginary object.The Ekphrasis on the Water Clock testifies to the great importance of Gaza in the preservation of classical knowledge in Late Antiquity and in fostering this importance within the fields of literature, art, and technology.",2026-10-05T10:37:36.940462+00:00,B
2665649a3d6aadba,openalex,Ctesibius water clock,Guardian of Time Flow: Baboon on the Water Clock during the Greco-Roman period,http://dx.doi.org/10.21608/jaauth.2023.179397.1413,Wael Soliman,1999,academic_work,,"As the development of the water clock, Egypt had both the idea and the circumstances in place before anyone thought to use a clock to tell time. Additionally, a basic necessity was met by the invention and development of the water clock. This timekeeping device offers a useful ""window"" onto the baboon, which served as the ancient Egyptians' representation of the god Thoth, the defender and patron of time. Baboons were extensively researched, probably because they represented a special blend of characteristics that were both comparable to and different from those of humans. The baboon exhibited traits that upheld the Egyptian religion's values of decency, respect for the dead, and worship of the gods.The fact that, since then, our understanding of the baboon animal has substantially increased justifies reopening the discussion of the Egyptian water clocks. The baboon, which stands in the center of many astronomical scenes and is the spectral point on every water clock from the Greco-Roman period, represents accuracy, stability, and calm of the astronomical system. This article serves as a direct analogue for the water clock's baboon. The baboon's appearance on outflow water clocks, which date from the New Kingdom to the Greco-Roman Period, inflow water clocks, and similarly the models of inflow clocks, as well as in astronomical scenes, explains his significance and function as a time reckoner.",2026-10-05T10:37:36.940482+00:00,B
b97f0527cc3ef4b8,openalex,Ctesibius water clock,Calculus and the Birth of Control Theory,https://doi.org/10.1007/978-3-031-54042-4_3,Blas Manuel Vinagre,2024,academic_work,,,2026-10-05T10:37:36.940504+00:00,B
a2d0aba7ac8fd2cd,openalex,Ctesibius water clock,Monasticism and the First Mechanical Clocks,https://doi.org/10.1007/978-3-642-50121-0_29,John North,1975,academic_work,,,2026-10-05T10:37:36.940525+00:00,B
bd01a154554f0531,openalex,Ctesibius water clock,Measuring Time,https://doi.org/10.1007/978-3-319-44476-5_4,Cesare Rossi; Flavio Russo,2016,academic_work,,,2026-10-05T10:37:36.940542+00:00,B
e69fb25274a0daf6,openalex,Ctesibius water clock,The Compartmented Cylindrical Clepsydra,https://doi.org/10.2307/3101437,Silvio A. Bedini,1962,academic_work,,"A clepsydra or clock is described as a contrivance for measuring time by the graduated flow of water or other liquid through a small aperture. Many types of clepsydrae have been devised and have figured in horological history from the early ingenious examples of the Egyptians,' the Chinese,2 and those created in the Hellenistic period by Ctesibius and Vitruvius to more elaborate forms produced as novelties as late as the nineteenth century.3 Most of the clepsydrae of record utilized the flow or drip of water from or to a measurable container to a receptacle, and time was measured by the quantity emitted or accepted. There was a resurgence of interest in the subject during the seventeenth century, and writers on the sciences described and illustrated many of the old as well as some new types of the water clock. During this period of scientific exploration a  new  type was apparently introduced, consisting of a compartmented metal cylinder which rotated by the displacement of a contained fluid through one or more small openings in the partitions betwveen its compartments. Research has revealed, however, that although the compartmented cylindrical clepsydra appeared to be a particular preoccupation of seventeenth century horologists and writers, in actuality it had been invented many centuries earlier. It is known to have existed in Spain in the",2026-10-05T10:37:36.940557+00:00,A
9ec7b5af992a4dd4,openalex,Ctesibius water clock,Evidence for a new interpretation of the Berlin Celestial Globe fragment SK1050A,https://philsci-archive.pitt.edu/16462/1/SK1050A_100.pdf,Ulrich J. Kuehne,2011,academic_work,,"Since Thiele (1898) the fragment SK1050A in the Neue Museum in Berlin has been interpreted as being part of an ancient vessel garnished with arbitrary astronomical ornaments. In this paper evidence is collected that the fragment was in fact part of a sophisticated astronomical instrument: (1) Structures of the fragment indicate that the celestial globe was fitted with a water-clock similar to the design by Ctesibius and that this water-clock propelled an astronomical model of the universe. (2) Iconographic parallels between SK1050A and the Atlas Farnese suggest that the latter was intended to be a replica of the Berlin celestial globe. (3) The arrangement of the ‘star-markings’ on SK1050A might be explained as geometrical constructions to establish spherical coordinate transformations. In consequence, SK1050A appears to be the product of a profound astronomer while some evidence beyond that prompts the hypothesis that the fragment is from the celestial globe of Archimedes.",2026-10-05T10:37:36.940572+00:00,B
d0737730d1bb3686,openalex,Ctesibius water clock,Introduction,https://doi.org/10.1007/978-3-642-82625-2_1,Donald Lee Deangelis; Wilfred M. Post; Curtis C. Travis,1986,academic_work,,,2026-10-05T10:37:36.940600+00:00,B
12b6a35aa1e4b07f,openalex,Ctesibius water clock,Biological Aspects of Locomotion,https://doi.org/10.1007/978-3-7091-2772-8_1,Teresa T. Zielinska,2004,academic_work,,,2026-10-05T10:37:36.940613+00:00,B
fd8181194cb9663d,openalex,Ctesibius water clock,Living by the Clock. The Introduction of Clock Time in the Greek World,https://doi.org/10.1515/klio-2020-0311,Sofie Remijsen,2021,academic_work,,"Summary This paper discusses how the notion of clock time was introduced in the Greek world. On the basis of an analysis of the earliest (potential) references to hours and clocks in texts from the late fifth to the early third century BC in their historical context, and with reference to the earliest archaeologically attested clocks, it proposes a scenario for the conception and development of this conventional system. It offers a new interpretation of the problematic passage Herodotus 2.109 and argues that an hour-like unit was developed by late fifth century astronomers, under Babylonian influence, to denote the time in which a celestial body moves through a section of its diurnal circle. When this astronomical concept moved to the civic sphere in the second half of the fourth century, it changed from a scientific unit of duration to a civic unit for measuring the time of day. This shift probably took place in Athens, where the first references to hours appear in this period together with multiple experiments in clock making, as well as humorous reactions to the newfound sense of temporal precision. The paper will also show, however, that these first clocks did not yet tell seasonal hours – the type of hours that would eventually define Greco-Roman clock time – and still measured the lapse of time rather than enabling the location of moments in time. Greco-Roman clock time was only fully formed when it incorporated Egyptian notions of the hour in the Ptolemaic kingdom of the early third century BC.",2026-10-05T10:37:36.940625+00:00,B
4d67142d3a3b3c13,openalex,Ctesibius water clock,Ancient Engineers' Inventions: Precursors of the Present,http://ci.nii.ac.jp/ncid/BB01543840,Ferruccio Russo; Cesare Rossi; Flavio Russo,2016,academic_work,,"Preface PART I : MEASURING THE ENVIRONMENT: Introduction Ancient Greek units Length units Area units Volume units Weight/mass units Roman units Length units Area units Volume units Weight/mass units Chap. 1 - MEASURING MASS: Introduction 1.1 The balance scale 1.2 The steelyard balance Observations Chap. 2 - MEASURING DISTANCE : Introduction 2.1 Jacobs' staff, Astrolabe 2.2 Range finders 2.2.1 Groma 2.2.2 Surveyors' cross 2.2.3 Chorobate 2.3 The dioptre by Heron 2.4 The ancient odometer 2.4.1 The odometer by Vitruvius 2.4.2 The odometer by Heron Observations Chap. 3 - MEASURING TIME : Introduction 3.1 The sundial 3.1.1 Fixed sundials 3.1.1.1 Equatorial sundials 3.1.1.2 Horizontal sundials 3.1.1.3 Vertical sundials 3.1.1.4 Non-planar sundials 3.1.2 Portable sundials 3.2 Water clocks 3.2.1 Early water clocks 3.2.2 The water clock by Ctesibius Observations Chap. 4 - COMPUTATION DEVICES: Introduction 4.1 The abacus 4.2 The mesolabio 4.2.1 The mesolabio of Heratostenes 4.2.2 The solution by Hippocrates and the Mesolabio by Durer 4.3 The mechanism of Antikitera 4.3.1 The history of the finding 4.3.2 Description of the mechanism 4.3.3 Technological aspects 4.3.4 Planetariums in ancient literature 4.3.5 A recent interesting finding Observations PART II - USING NATURAL ENERGY: Chap. 5 - WIND MOTORS: Introduction 5.1 The wind mills 5.1.1 TheAfghan mill 5.1.2 The Cretan mill 5.2 Wings on the sea: the sails 5.2.1 Evolution of the sail rig 5.2.2 The Chinese junk 5.2.3 The Flettner rotor Observations Chap. 6 - HYDRAULIC MOTORS: Introduction 6.1 Water wheels with vertical axis 6.1.1 The Greek mill 6.1.2 Vertical axis rotor with oblique blades 6.2 Water wheels with horizontal axis 6.2.1 Undershot water wheels 6.2.2 Overshot water wheels 6.2.2.1 The wheel of Venafro 6.3 The floating mill 6.4 Water wheels in the Middle Ages and the Renaissance Observations PART III - USING WATER: Chap. 7 - LIFTING WATER: Introduction 7.1 The early devices 7.2 The Archimedes' screw 7.3 Norias 7.3.1 Scoop wheel 7.3.2 Chain norias 7.4 Pumps 7.4.1 Chain pumps 7.4.2 Reciprocating pumps Observations Chap. 8 - ADDUCTION AND DISTRIBUTION OF WATER: Introduction 8.1 Open ducts 8.2 Penstocks 8.3 The great cistern 8.3.1 The Piscina Mirabilis at Miseno 8.4 Water distribution systems 8.4.1 Piezometric turrets 8.5 Pipes 8.5.1 Dimensions of the lead pipes 8.6 Valves 8.6.1 Shut-off valves 8.6.2 Single control mixers 8.7 Hydraulic mining 8.7.1 The technique 'Ruina Montium' 8.7.2 Historical references Observations Chap. 9 - UNDERWATER ACTIVITIES: Introduction 9.1 Scuba divers 9.2 Diving bell PART IV - COMMUNICATION AND TELECOMMUNICATION: Introduction The capstan Telecommunication devices Chap. 10 - LIFT AND TRANSPORTS: Introduction 10.1 Cranes and tackle 10.2 Gravity driven elevators 10.3 Roman charts 10.4 Railed cargo 10.5 The rails of Pompei 10.6 Ancient self propelled vehicles 10.7 Early ball bearings 10.8 Transport on water 10.8.1 Early paddle wheeled boats 10.8.2 Pneumatic boats 10.9 Cableways 10.10 The dawn of flight in antiquity 10.10.1 Legends and tales 10.10.2 Ancient gliders 10.10.3 Ancient rockets Observations Chap. 11 - TELECOMMUNICATIONS : Introduction 11.1 Acoustic 11.2 Carrier pigeons 11.3 Optical telecommunication systems 11.3.1 Systems based on image modification 11.3.2 Systems based on brilliancy modification 11.4 Lighthouses 11.5 The water telegraph Observations PART V - TOWARDS THE MODERN AGE: Chap. 12 - SECONDARY MOTORS : Introduction 12.1 Flexion elastic motors 12.1.1 Metal spring flexion elastic motors, 12.2 Torsion elastic motors 12.3 Pneumatic motors 12.3.1 The air spring ballista 12.4 Small spring motors 12.4.1 Locks and padlocks 12.5 Counterweight motors 12.5.1 The trebuchet 12.6 Ancient",2026-10-05T10:37:36.940655+00:00,A
cf6e3764bccb7346,openalex,Ctesibius water clock,CHAPTER III,https://doi.org/10.1017/cbo9780511709937.040,George Frederick Chambers,2010,academic_work,,"N ature , though she lias supplied us with, visible phenomena to measure the larger units of time, such as days, months, and years, has not furnished us with any means whereby we may measure the lesser units of hours, minutes and seconds; artificial contrivances must therefore be sought for. Hough approximations to the true time were at first obtained by setting up gnomons , or upright staves; which, in conjunction with a knowledge of the north point of heavens, would afford a tolerably correct indication of noon, or the moment of the Sun's passage over the meridian. An instrument constructed with a gnomon pointing towards the North Pole of the heavens, constitutes a sun-dial , and affords a still better mode of ascertaining the hour of the day. According to Herodotus, sun-dials were first introduced into Greece from Chaldæa; the hemisphere of Berosus, who lived 540 B.C., is the oldest recorded in history. The earliest attempt to form a strictly artificial time-keeper, is due to Ctesibius, of Alexandria, who invented Clepsydrœ , or water-clocks, which were contrivances for allowing a continuous stream of water to trickle through a small aperture in the pipe of a funnel, the time being measured by the quantity of fluid discharged.",2026-10-05T10:37:36.940671+00:00,B
6ecb8642b1267162,openalex,Ctesibius water clock,,https://doi.org/10.71043/sci.v44i,,2025,academic_work,,"This paper discusses The Ekphrasis on the Water Clock, composed in the sixth century C.E. by Procopius of Gaza.It inspects three facets: 1.The Gaza clock against the background of other clocks in antiquity 2. The artwork of the theatrical display presented in the Gaza clock 3. The rhetoric of Procopius' ekphrasis.The Ekphrasis on the Water Clock exemplifies how the character of ekphrasis is adapted to the item that is described.It appears that Procopius chose to convey his impressions in an objective tone, out of concern that readers might question his credibility and presume the water clock to be an imaginary object.The Ekphrasis on the Water Clock testifies to the great importance of Gaza in the preservation of classical knowledge in Late Antiquity and in fostering this importance within the fields of literature, art, and technology.",2026-10-05T10:37:36.940697+00:00,B
d0dc5105f905fee6,openalex,Ctesibius water clock,Orologi ad acqua nell´antichitá greco-romana,https://doi.org/10.5944/endoxa.19.2005.5107,Giovanni Di Pasquale,2005,academic_work,,"This paper deals with ancient clepsydrae and water docks in Greece and Rome. While clepsydrae are very oíd time measuring instruments, the difíusion of water docks is strictly connected with the development of the mechanical studies. Ctesibius of Alexandria was the first one to understand the bind links between pneumatical toys and the water docks. Really interesting is the description of the Archimedes water dock, a complex device whose mechanical engine is just similar to the Vitruviu's odometer.",2026-10-05T10:37:36.940715+00:00,B
88f21024d0426db2,openalex,Ctesibius water clock,A Bronze Bowl from the Rhinns of Galloway,https://doi.org/10.9750/psas.072.137.142,R S G Anderson,1938,academic_work,,"The bowl was found inverted in the soil while ploughing. It is a simple bowl of hammered bronze, made from a single sheet of metal without ornamentation. The most distinctive feature of the Awhirk bowl is a small circular perforation surrounded by a finely incised circle in the centre of the rounded base. The bowl is thought to be a clepsydra, or water-clock; and as such is in a separate category from the other cauldrons in Scotland, which in all likelihood were intended for culinary purposes or brewing. The clepsydra was at first a very simple affair '” a plain bowl with a\r\nsmall perforation in the base, which could be floated on water and gradually filled by percolation till it finally sank '” an attendant noting the time taken to fill, and the number of refills needed in a given period.",2026-10-05T10:37:36.940735+00:00,B
16c9864586c74b9a,openalex,Ctesibius water clock,AUTOMATA TECHNOLOGY IN THE MEDIEVAL ISLAMIC WORLD AND ITS INFLUENCE ON KOREA,https://doi.org/10.26577/jos.2023.v105.i2.011,Kim Jeoung-Myoung,2023,academic_work,,"Abbasid caliphs in the Islamic world systematically encouraged the translation of ancient Greek books on science and technology in large numbers. And in this process, knowledge related to automata also spread in the Islamic world. The leading Greek scholars who touched on the development of automata in the Islamic world were Philo of Byzantium and the Hero of Alexandria. Philo's book ""Pneumatics"" was translated into Arabic in Baghdad. Meanwhile, the works of the Hero, including The Mechanic, were translated into Arabic with the Greek physician Kusta ibn Luka (820–912) in the IX analysis. The Kitab al-Khiyal (""Book of Ingenious Devices"") by Banu Musa bin Shakir (9th century) was one of the foundational texts for the development and systematic study of automatic devices in the Islamic world. The book was commissioned by the Abbasid Caliph Al-Ma'mun, who commissioned Ban Musa to acquire all the Hellenistic texts that were preserved by monasteries and scholars during the decline and fall of Roman civilization. The purpose of the article is to show the ways of development and subsequent influence of Islamic technologies on other cultures and civilizations. To do this, the author studied and translated a number of original sources in various languages of the East. Keywords: Islamic civilization, technology, Hellenistic texts, automatic devices, water clock.",2026-10-05T10:37:36.940757+00:00,A
cc02218a2b1a2daf,crossref,Ctesibius water clock,Ctesibius,https://doi.org/10.1093/gmo/9781561592630.article.06924,Warren Anderson; Thomas J. Mathiesen,2001,reference-book,,,2026-10-05T10:37:37.666279+00:00,B
576a00f88e19d2e3,crossref,Ctesibius water clock,Ctesibius,https://doi.org/10.1163/1574-9347_bnp_e623840,,,dataset,,,2026-10-05T10:37:37.666312+00:00,B
adac289e2f22e3cc,crossref,Ctesibius water clock,Water clock,https://doi.org/10.1163/1574-9347_bnp_e12209230,,,dataset,,,2026-10-05T10:37:37.666327+00:00,B
e234b26db497a19f,crossref,Ctesibius water clock,"water clock, n.¹",https://doi.org/10.1093/oed/7364508345,,2023,book-chapter,,,2026-10-05T10:37:37.666353+00:00,B
aea12ff35d73d17a,crossref,Ctesibius water clock,"water clock, n.²",https://doi.org/10.1093/oed/9260677586,,2023,book-chapter,,,2026-10-05T10:37:37.666369+00:00,B
13f27bc0bcb6eba1,crossref,Ctesibius water clock,Water Quip,https://doi.org/10.1525/9780520951693-043,,2019,book-chapter,,,2026-10-05T10:37:37.666383+00:00,B
b098bc0964e0b068,crossref,Ctesibius water clock,the water clock,https://doi.org/10.2307/jj.31761193.6,,2025,book-chapter,,,2026-10-05T10:37:37.666406+00:00,B
3e4bf5bbef2e7926,crossref,Ctesibius water clock,The Gift Of A Water-Clock,https://doi.org/10.1515/9780773581616-001,,1999,book-chapter,,,2026-10-05T10:37:37.666419+00:00,B
70a4fa954cda6f5f,crossref,Ctesibius water clock,The Water Clock,https://doi.org/10.1038/scientificamerican03211885-7673asupp,,1885,journal-article,,,2026-10-05T10:37:37.666431+00:00,B
4977900fd1712747,crossref,Ctesibius water clock,Peacock water clock,https://doi.org/10.1038/248286a0,,1974,journal-article,,,2026-10-05T10:37:37.666443+00:00,B
cb18f110ba64d3dd,crossref,Ctesibius water clock,"SEG 63-1521. Tyre. Building inscription for a water-clock, Imperial period.",https://doi.org/10.1163/1874-6772_seg_a63_1521,,,dataset,,,2026-10-05T10:37:37.666456+00:00,B
6365aee8845f0cb2,crossref,Ctesibius water clock,The Date of Ctesibius,https://doi.org/10.1017/s0009838800014385,E. J. A. Kenny,1932,journal-article,,,2026-10-05T10:37:37.666469+00:00,B
ca1888512de1ef66,crossref,Ctesibius water clock,Water-Powered Astronomical Clock Tower,https://doi.org/10.1007/978-1-4614-6141-8_221,Xiaochun Sun,2014,book-chapter,,,2026-10-05T10:37:37.666481+00:00,B
2377fbd2b7a71ea5,crossref,Ctesibius water clock,Self-Winding Clock Operated from Water Mains,https://doi.org/10.1038/scientificamerican05171913-307bsupp,,1913,journal-article,,,2026-10-05T10:37:37.666493+00:00,B
fb10e08609d2107c,crossref,Ctesibius water clock,"An Easily Constructed Clepsydra, or Water Clock",https://doi.org/10.1038/scientificamerican12201884-7469bsupp,,1884,journal-article,,,2026-10-05T10:37:37.666505+00:00,B
73ea7b3298a30a62,crossref,Ctesibius water clock,Designing a Water Clock,https://doi.org/10.1002/9781119524861.ch11,,2018,other,,,2026-10-05T10:37:37.666517+00:00,B
035bf99c508f1d35,crossref,Ctesibius water clock,A Fourteenth-Century Drawing of a Water Clock,https://doi.org/10.4324/9781003413240-54,Marcus Milwright,2025,book-chapter,,,2026-10-05T10:37:37.666528+00:00,B
3474a4cf4ebfbae8,crossref,Ctesibius water clock,Designing a Water Clock,https://doi.org/10.1115/1.861ate_ch11,M. Kemal Atesmen,2019,book-chapter,,,2026-10-05T10:37:37.666539+00:00,B
456307ba3476c07c,openalex,Ctesibius clepsydra,When time flowed The Story of the Clepsydra,https://doi.org/10.1051/lhb/1976021,John S. McNown,1976,academic_work,,"(1976). When time flowed The Story of the Clepsydra. La Houille Blanche: Vol. 62, No. 5, pp. 347-353.",2026-10-05T10:37:38.335545+00:00,B
a93154c5ce1bfadd,openalex,Ctesibius clepsydra,"Chapter One: Time measurement, time management: days, hours and routines",https://doi.org/10.1515/9783110752397-004,P. N. Singer,2022,academic_work,,"Chapter One: Time measurement, time management: days, hours and routinesIn this chapter Ie xploreG raeco-Roman techniques of, and attitudes towards, time measurement,f rom the twin perspectiveso fe verydayl ife and medicine.I survey literary and archaeological evidence for the two main available technologies of time measurement,s undials and water-clocks, and consider what this evidence tells us about their differential accessibility and context of use, and about Roman attitudes to dailyorhourlytime organization.Ithen proceed to examine further some literary,and, in more detail, some medical texts which shed light on ancient attitudes to time management and the division of the day; on the importance of, and relationship between, the two forms of time measurement,as well as the relationship of seasonal to equinoctial hours; and on the balance of work and leisure, in particular exercise, activities within such dailyt ime divisions. Introductory:m odes of time measurement at RomeAn obelisk towered highoverthe Campus Martius in Rome.Built in 10/9 BCE, the horologium of the emperorA ugustus cast its shadow over al ong stretch of the low-lying area, wheream etal line and markingsh ad been laid in the ground.It was itself visible from agreat distance and complemented two other great Augustan edifices in the samearea: the Mausoleum Augusti and the AraPacis.(See figures 1a nd 2.)T he line on the ground rand ue northf rom the obelisk: ameridian, which the shadow hit at noon each day.The markingsa long its length indicated different dates, and these would be hit by the shadow at noon on successive days,a si tg rew longer or shorter in the course of the year.Prominentlyp laced abovet he forum, meanwhile -the centreo fb oth legal and commercial activity in the city -wereo ne or two sundials, visiblyd ividing the passing time of daylighti nto twelve equal units, which, by the late second century CE, the date of the textsw hich we shall focus on in this chapter,h ad stood theref or more than threeh undred years.Other,e quallyp ubliclyv isible, sundials weref eatures of cities throughout the Graeco-Roman world.¹ Ford etail and for an accounto ft he earlyR oman history of time measurement,a nd for the historical sequenceo fp ubliclya ccessible markers of time in the city,s ee Wolkenhauer OpenAccess.",2026-10-05T10:37:38.335670+00:00,B
64ee63c1739fca1a,openalex,Ctesibius clepsydra,Approach to Time in Ancient Greek Philosophy,https://nagoya.repo.nii.ac.jp/records/23680,Yasuhira Kanayama; 弥平 金山,2017,academic_work,,"This paper clarifies Aristotle's definition of time as 'the number of movement by reference to before and after', by taking into consideration other concepts of time, such as that of Plato or of the Stoics, as well as various metaphors concerning time: the Ego-Moving metaphor and the Time-Moving metaphor; the sagittal metaphor and the lateral metaphor. The lateral metaphor does not appear in our language use, but when we visualize time, we allocate past or future to the right or left (or up or down), following the direction of our writing and reading. Time doesn't seem to exist, the past being no longer, the future being not yet, and 'now' being no part of time. However, humans have the faculty of imaginarion or representation (phantasia), closely related with memory, and thus by allocating time in our imagination, we can imagine it as some movement developed in space on our spiritual wax of mind, where perceptions are impressed, putting past times, for example, to the left, and future times to the right. This paper also takes into account the difference of two main types of clock in ancient world, the sundial and the water-clock, to further the understanding of Platonic versus Aristotelian concepts of time. Finally in relation with movement, the difference between eternity and sempiternity as well as the question of divisibility and indivisibility of movement and time is also discussed.",2026-10-05T10:37:38.335709+00:00,E
aa772a62b539a082,openalex,Ctesibius clepsydra,Masters of Mechanics: Exploring the Science of Ingenious Devices in the Abbasid Empire,https://doi.org/10.1163/22142371-00802026,Alessia Zubani,2024,academic_work,,"Abstract This article explores the historical development of mechanical inventions during the Abbasid period, a time of significant scientific and technological advancements in the medieval Islamicate world. It focuses on works addressing mechanical devices prevalent in the Abbasid context, such as water clocks, drinking vessels, and musical automata. The study has three main objectives: first, to provide an analysis of the intellectual and scientific environment of the time, discussing both renowned and lesser-known scholars; second, to investigate the connections between scholars and translators, as well as the interrelations among texts, highlighting the importance of teaching activities, patronage, and scientific collaborations; and third, to examine the relationship between translators, scientists, and mechanicians with the Abbasid court, showcasing the interest of princes and caliphs in mechanics and mechanical devices.",2026-10-05T10:37:38.335799+00:00,B
5bdb7b488ae5db95,openalex,Ctesibius clepsydra,Line Follower Robot Using A Sophisticated Sensor Approach,https://doi.org/10.13140/2.1.3429.4401,Ebiesuwa O. O; Y Adekunle; Akinyemi L. A; Oyerinde O. D,2013,academic_work,,"Abstract This paper proposes a new model for line follower robots built using microcontrollers and this new model has not been in existence before. This new model proposes the adoption of sophisticated color sensors to enable the robot to be able to detect its path in the shortest possible time which is in the order of nanoseconds and is far faster than the time it takes all the other existing line follower robots to detect their path. The new feature provided in this new model is absent in all the other existing models 1. Introduction The Lie Zi text that was written in ancient China in the 3rd century BC gave an account of an encounter between a King and a mechanical engineer. The mechanical engineer presented the king with a human-shaped figure which had the capability to perform human like tasks to the extent that it was taken for a human being. The king later became curious and demanded to know what this figure really was and the mechanical engineer took the robot to pieces and the king found out that it was only a construction of wood, glue, leather and lacquer variously colored and this made the king greatly surprised. Early water clocks are sometimes grouped in with the beginning of robotics. They began in China in the 6th century BC and the Greco-Roman world in the 4th century BC where the Clepsydra is known to have been used as a stop-watch for imposing a time limit on clients' visits in Athenian brothels. Concepts which are close to a robot can be found as far back as the 4th century BC, when Archytas of Tarentum the Greek mathematician postulated a mechanical bird propelled by steam which he called “The Pigeon”. Another early automaton was Clepsydra which was made in 250 BC by Ctesibius of Alexandria, a physicist and inventor from Ptolemaic Egypt. The idea of robots dates back to the medieval period. The people of that dispensation did not have a specific term to describe what we now call robot but they rather referred to them as mechanisms used to carry out human-like activities. Another vivid account on robotics can be found in “Frankenstein” a story written by Mary Shelly in 1818. In this story Shelly described the robot as a human-like creature that functions as a machine. The word “robot” is the Czech interpretation or equivalent for worker. Although the concept of a robot has been around for a very long time, the modern day robot was not born until the 1940’s with the advent of computers. In 1941, Isaac Asimov adopted the concept of robotics which refers to the use and study of robots. During the late 1950’s and early 1960’s robots became really popular with the expansion of the automotive industries where these robots were employed to help factory workers since robots are capable of carrying out monotonous tasks with precision and accuracy without getting fatigued. In recent time, the ASIMO (Advanced Step in Innovative Mobility) robot was introduced at the Honda Motor Company in Japan as a substitute for unskilled workers on the assembly line in the Honda factory.",2026-10-05T10:37:38.335818+00:00,B
bff53c3bb25eed93,openalex,Ctesibius clepsydra,Liste des illustrations,https://doi.org/10.4000/books.editionsmsh.10169,,2008,academic_work,,"24 Jean Errard et Alexis Errard, Frontispice de la Fortification demonstrée et réduicte en art, Paris, s.n., 1620. Le titre de la première édition de cet ouvrage était La fortification réduicte en art et demonstrée (1600). Bibliothèque de l’Arsenal.33 Horloge à eau de Ctesibius. « Beaucoup de belles inventions sont dûes à Ctesibius [...]. Nous exposerons la pensée de Vitruve avec autant de facilité et de brièveté qu’il se peut en des chose",2026-10-05T10:37:38.335882+00:00,B
954f90c28e69afb3,crossref,Ctesibius clepsydra,,https://doi.org/10.25145/j.clepsydra.2019.18,,2019,journal-issue,,,2026-10-05T10:37:39.057488+00:00,B
1abeeea33df408c9,crossref,Ctesibius clepsydra,,https://doi.org/10.25145/j.clepsydra.2020.19,,2020,journal-issue,,,2026-10-05T10:37:39.057506+00:00,B
64ad7635bbdd88b6,crossref,Ctesibius clepsydra,Clepsydra,https://doi.org/10.1163/1574-9347_bnp_e616830,,,dataset,,,2026-10-05T10:37:39.057520+00:00,B
b9ec4dcbcdde1766,crossref,Ctesibius clepsydra,Clepsydra,https://doi.org/10.1093/oseo/instance.00247166,,2017,book-chapter,,,2026-10-05T10:37:39.057532+00:00,B
b9c44399febfeec0,crossref,Ctesibius clepsydra,,https://doi.org/10.25145/j.clepsydra.2018.17,,2018,journal-issue,,,2026-10-05T10:37:39.057544+00:00,B
66269b6a5211d148,crossref,Ctesibius clepsydra,,https://doi.org/10.25145/j.clepsydra.2021.20,,2021,journal-issue,,,2026-10-05T10:37:39.057556+00:00,B
9ad24baf74bc0088,crossref,Ctesibius clepsydra,Madrid-Madrid,https://doi.org/10.25145/j.clepsydra.2021.21.11,Ricardo Lorenzo,2021,journal-article,,,2026-10-05T10:37:39.057568+00:00,B
d6e3663e18828f46,crossref,Ctesibius clepsydra,«Juan»,https://doi.org/10.25145/j.clepsydra.2018.17.06,Sara Uribe,2018,journal-article,,,2026-10-05T10:37:39.057581+00:00,B
51ee6e4ad04e037b,crossref,Ctesibius clepsydra,,https://doi.org/10.25145/j.clepsydra.2021.21,,2021,journal-issue,,,2026-10-05T10:37:39.057595+00:00,B
5b5e7a691ff0f4b0,crossref,Ctesibius clepsydra,"clepsydra, n.",https://doi.org/10.1093/oed/2993573261,,2023,book-chapter,,,2026-10-05T10:37:39.057608+00:00,B
37cd6ecb48bd9fc2,crossref,Ctesibius clepsydra,A Fleeting Conclusion,https://doi.org/10.11126/stanford/9780804789059.003.0014,Sylvie Anne Goldberg,2016,book-chapter,,,2026-10-05T10:37:39.057620+00:00,B
51370a7324e14405,crossref,Ctesibius clepsydra,"«Diana», de Alejandra Pizarnik",https://doi.org/10.25145/j.clepsydra.2021.21.16,Javier Izquierdo Reyes,2021,journal-article,,,2026-10-05T10:37:39.057644+00:00,B
b6da6151441f8fdc,crossref,Ctesibius clepsydra,,https://doi.org/10.25145/j.clepsydra.2025.29,,2025,journal-issue,,,2026-10-05T10:37:39.057658+00:00,B
387bb5bd5fe15903,crossref,Ctesibius clepsydra,Feminismo y socialismo en los albores del xx en Colombia,https://doi.org/10.25145/j.clepsydra.2020.19.06,; Angélica Beltrán Pineda,2020,journal-article,,,2026-10-05T10:37:39.057670+00:00,B
31a2f13a554f1aa8,crossref,Ctesibius clepsydra,Notes,https://doi.org/10.11126/stanford/9780804789059.002.0013,Sylvie Anne Goldberg,2016,book-chapter,,,2026-10-05T10:37:39.057682+00:00,B
63e27f24b86ffad4,crossref,Ctesibius clepsydra,Scriptural Abbreviations Cited,https://doi.org/10.11126/stanford/9780804789059.002.0009,Sylvie Anne Goldberg,2016,book-chapter,,,2026-10-05T10:37:39.057703+00:00,B
3855eda5d982b84e,openalex,Ctesibius hydraulic clock,Premium quality hydraulic oils,https://doi.org/10.18690/978-961-286-513-9.19,Milan Kambič,2021,academic_work,,"The base of the final product is the base oil. The final product is ready for use and is a mixture of base oil (or several base oils) and additives. Additives improve the properties of the base oil. Base oils can be mineral or synthetic based. Base oils or base stocks are created from separating and cleaning up crude oil. They are one of several liquid components that are created from crude oil. The crude oil refining process will be briefly described. The American Petroleum Institute implemented a system for describing various base oil types. The result was the development and introduction of base oils group numbers. The API numbers of various base oil groups and the main differences between them will be explained. At the end, premium quality hydraulic oil and its main characteristics will be presented.",2026-10-05T10:37:39.803629+00:00,B
c5e991eec1b190db,openalex,Ctesibius hydraulic clock,Development and milestones of alternating current hydraulic drives,http://doi.org/10.32972/dms.2022.014,Tamás Fekete,2022,academic_work,,"The energy transfer at the hydraulic drives can be solving with direct current hydraulic drives and alternating current hydraulic drives. At the direct current hydraulic drives, the operating fluid flow in one way besides the alternating current hydraulic drives, where it is alternating periodically between the hydrogenerator and the hydromotor. In this research, I would like to examine the evolution and milestones of this scientific field.",2026-10-05T10:37:39.803650+00:00,B
ae65d5da1c061e55,openalex,Ctesibius hydraulic clock,The Silesian Impact of Hero’s Treatise. Salomon de Caus and the Wrocław Garden of Laurentius Scholz,https://doi.org/10.4467/0023589xkhnt.24.023.20108,Zygmunt Łuniewicz; Marzanna Jagiełło,2024,academic_work,,"In the existing literature, Salomon de Caus has been credited as the inventor of a device where water circulation was driven by pneumatic tanks equipped with lenses. The identification of such a device in the garden of Laurentius Scholz in Wrocław nearly two decades earlier prompted the necessity to verify this belief. The authors attempted to elucidate the functioning of the device based on available texts, analogies, and iconography. They also presented the contemporary technologies of water devices in gardens, including their sources, functions, and cultural significance. The methods of supplying water to gardens were analyzed, along with the likely connection between the garden and the water supply network in Wrocław. The discussion incorporated the perception of water, encompassing preferences and the assessment of water quality based on its origin (rainwater, well water, river water, lake water, etc.). The symbolism and intricate depiction of the manifestation of the water element in gardens were explained. Based on preserved treatises and accounts, the authors determined that individual elements of the device could be found in works dedicated to hydraulics, pneumatics, distillation, or medicine. They speculated that both Scholz and de Caus may have become acquainted with the solar pump in one of the gardens in Italy, such as Tivoli, or most likely in Pratolino, where numerous automata could be found, primarily inspired by the works of Heron of Alexandria.",2026-10-05T10:37:39.803712+00:00,A
2b65d3db7460e6a4,openalex,Ctesibius hydraulic clock,PLAY OF WATER AND FUNCTION IN THE MEDITERRANEAN,https://doi.org/10.2495/iha220111,Adriana de Miranda,2022,academic_work,,"Water is of great importance for life and culture in the Mediterranean.In the early Muslim age, with the advent of Islamic technology, different historical types of water devices developed in the Mediterranean basin, making use of the aesthetic and psychological potential of water.This paper focuses on hydraulic automata, particularly ""surprising"" fountains, as devices that were very popular in the Islamic courts.The hydraulic mechanism, hidden in the device, was able, through the application of physical principles, to amaze people because of the spectacular water movement it created.The exceptional knowledge of the Greek engineer's mechanical application has played a fundamental role in the evolvement of the hydraulic automata from the Hellenistic Society to the Islamic Age, and has been essential for the development of innovative methods.By establishing a picture of the development of the studies that led to the creation of these wonderful mechanisms in the Islamic Golden Age, the paper will also attempt to underline the fact the hydraulic automata sustain a significant position in the history of Islamic fine technology.",2026-10-05T10:37:39.803741+00:00,B
fcaec204c8e1776d,openalex,Ctesibius hydraulic clock,Fine Technology Dialogue Across the Eastern Mediterranean in Giovanni Fontana's Bellicorum Instrumentorum Liber,https://doi.org/10.30687/va/2385-2720/2024/01/003,Adriana De Miranda,2024,academic_work,,"The early fifteenth-century Venetian physician Giovanni di Michele, known as ʻFontanaʼ, likely earned his name due to a fountain he invented, described in the Bellicorum instrumentorum liber, cum figuris et fictitys litoris conscriptus, an illustrated treatise on fine technology written around 1418. This essay explores Fontana’s connection with Arab culture, focusing on the relationship between his treatise and Islamic works on hydraulic fine technology, particularly automatic fountains, which were popular in both Islamic and Renaissance courts. The paper also highlights the influence of Fontana’s work on Agostino Ramelli’s sixteenth-century Le diverse et artificiose machine, a notable book on fine technology that includes descriptions of splendid automatic fountains.",2026-10-05T10:37:39.803791+00:00,B
e1b2528adcce3902,openalex,Ctesibius hydraulic clock,The Influential Impact and Contributions of the Scientific Heritage of Mouseion' Scholars Towards Renaissance and Present-day Technologies,https://doi.org/10.21608/sis.2022.128866.1044,Wessam Ibrahim Moussa,2022,academic_work,,"The Mouseion of Alexandria and its library were considered as one of the great archetypes for modern civilization. During antiquity, vast numbers of scientists, scholars, philosophers, writers, artists and students have dreamed to join this blessed spot where all human knowledge, wisdom and books had been collected. In this place, the learned men of the Mouseion became able to conquest every field of culture. During the third and second centuries B.C. Alexandria became the residence of some of the brightest scientists and the center for the development of practical technology. Among the generations of scientists who succeeded in the Mouseion and its Library and worked there for long hours to study and scrutinize, some examples have emerged and their researches formed the basis for many of the inventions and theories that are in use nowadays. Unfortunately, though their remarkable heritage materials, they are less well known. Therefore, the study will shed light on that forgotten heritage represented in devices, inventions and theories conceived by scientists and engineers of ancient Alexandria which, in some cases, can be considered precursors of contemporary sciences and technologies, demonstrating how the concept of science has been presented in the minds of ancient scientists and engineers since the 3rd century B.C. Findings revealed the remarkable impact of Alexandrian scholars' knowledge in terms of machine design and construction, thinking about the outside world, solving problems, and founding new curriculums. The chosen samples are presented and classified according to the significant of their inventors.",2026-10-05T10:37:39.803830+00:00,B
2e2865f5e28b7ec9,openalex,Ctesibius hydraulic clock,Hydrostatics and Pneumatics in Antiquity,https://doi.org/10.1002/9781118373057.ch9,Matteo Valleriani,2016,academic_work,,"In this chapter we analyze how the science of hydrostatics and pneumatics emerged in antiquity, and how the framework of these disciplines relate to the accumulation of practical knowledge. After an overview of the technical achievements in both areas, covering the Mediterranean region and addressing literary and archeological evidence, we show the process of establishing both these theoretical disciplines in relation to the production and diffusion of technical artifacts. Finally, we conclude by investigating why the sources show lively theoretical discussions in the Greek east (sixth to third centuries BCE), whereas the most relevant technological developments happened during the Roman Imperial era in the Latin world (first to third centuries CE).",2026-10-05T10:37:39.803851+00:00,B
c416bab0aaac0699,openalex,Ctesibius hydraulic clock,Digital Experience of the Work of Vitruvius and Leonardo,https://doi.org/10.1088/1757-899x/949/1/012041,Stefano Brillarelli; Massimo Callegari; Luca Carbonari; Paolo Clini,2020,academic_work,,"Abstract On the celebrations for the 500th year since Leonardo da Vinci’s death, the city of Fano (I) organized an exhibition on the works of Leonardo to put in evidence the influence of the previous studies of Vitruvius, who left in Fano remarkable signs of his talent. Among the original drawings that were shown, some sheets showed the design of three machines originally described by Vitruvius and then re-interpreted by Leonardo: the water clockwork, the ballista and the odometer. The Authors realized a digital reconstruction of such works, with the aim to let the visitors of the exhibition understand the operation of the machines but also to study the differences in the concepts, to explore their feasibility and to assess their possible performance.",2026-10-05T10:37:39.803876+00:00,A
19ee8cb6a5a8824a,openalex,Ctesibius hydraulic clock,"Hero of Alexandria's Automata: a critical edition and translation, including a commentary on Book One",https://theses.gla.ac.uk/76774/7/2019GrilloPhD.pdf,Francesco Grillo,2019,academic_work,,"This thesis is a critical edition, with introduction, translation and partial commentary, of the Automata, a two-book mechanical treatise written by Hero of Alexandria (first century CE). It provides the first commentary on BOOK ONE, dealing with the construction of a mobile, as opposed to a stationary, automaton. The preface summarises the significance, aims and limitations of the work. The opening section gives a summary of some of the conventions and abbreviations used in the thesis, and is followed by a list of figures. The introduction provides a context for an informed reading of the text. It consists of six parts. Part One discusses the ‘Heronian question’, with particular attention to the chronology of the Automata and the Pneumatica. Part Two evaluates previous editions and translations, and summarises the main novelties of this study. Part Three assesses the manuscript tradition, including a stemmatic analysis of a large number of manuscripts. Part Four mainly discusses the various forms of the title of the treatise, which is reconstructed as Περὶ αὐτομάτων (On Automata). Greater uncertainty surrounds the heading of BOOK TWO, Περὶ στατῶν αὐτομάτων (On Stationary Automata), which may have been derived from Hero’s source, Philo of Byzantium (third-century BCE). Part Five focuses on the work itself. It starts with an overview of the structure of the text, with remarks on previous editorial practices. This is followed by a critical description of the contents of the treatise and by a discussion of the historical, literary and cultural background. This, in turn, allows for consideration of the performative context of Hero’s automata. Attention is then paid to the purpose and intended audience of the treatise, followed by an exploration of Hero’s relationship with his sources. A stylistic comparison with the Pneumatica sheds new light on Hero’s degree of originality, removing suspicions of interpolation. Finally, discussion turns to the status of the text. Internal inconsistencies are best explained as the result of incomplete authorial editing. Part Six addresses the principles of the edition. The text, apparatus criticus and translation form the centre of the thesis. To maximise readability, the layout of the English translation mirrors the layout of the Greek text. The elucidation of the manuscript sigla and abbreviations used in the apparatus criticus precedes the text. The commentary is mainly philological and text-critical in nature. However, it also addresses stylistic, interpretive and reconstructive issues, without failing to consider the oldest manuscript diagrams. Following the commentary are six appendixes: (1) a concordance of editions; (2) addenda et corrigenda to Schmidt’s edition; (3) three stemmata codicum; (4) illustrations; (5) a review of Masià (2015); (6) an index of technical terms. Appendix (4) includes manuscript diagrams and reconstruction drawings of the mobile automaton. The thesis closes with a bibliography.",2026-10-05T10:37:39.803894+00:00,A
5e25bcd193456db9,openalex,Ctesibius hydraulic clock,Natural philosophy and the development of mechanics and engineering from the 5th century B. C. to Middle-Ages,https://doi.org/10.5937/fmet1704603c,Thomas G. Chondros,2017,academic_work,,"Development of logic into a science served as an instrument for the progress in natural philosophy and the scientific method in the 6th and 5th Centuries BC in China, India, and the Arabian world, the Middle East, the Ancient Greece and Rome. Rapid advancements in natural sciences were followed by systematic attempts to organize knowledge in the 4th to 1st Centuries BC in the Greek and the Hellenistic world, reaching maturity in the Roman Empire after the 2nd Century AD. Parallel development of philosophy, science and technology can be traced in the East too. The essentially random growth of machines and mechanisms driven by the pressure of necessity was followed by the development of complicated machines using design rules and concepts in a systematic way, and not arrived at empirically through a process of long evolution, were investigated very early in history. The influence of natural philosophy in classical times to the development of mechanics and engineering as a science from the 5th century B.C. to the Middle-Ages is discussed here.",2026-10-05T10:37:39.803930+00:00,B
8e9df45fb617a1d8,openalex,Ctesibius hydraulic clock,The Early History of the Organ,https://doi.org/10.2307/3360121,J. F. Rowbotham,1888,academic_work,,,2026-10-05T10:37:39.803949+00:00,B
0d92f4fdabcd591c,crossref,Ctesibius hydraulic clock,Hydraulic Clock,https://doi.org/10.1038/scientificamerican10221892-14015bsupp,,1892,journal-article,,,2026-10-05T10:37:40.395683+00:00,B
820d6cdb7c1f0617,crossref,Ctesibius hydraulic clock,Chehab's Hydraulic Clock,https://doi.org/10.1038/scientificamerican09131884-7247asupp,,1884,journal-article,,,2026-10-05T10:37:40.395699+00:00,B
7fb2d1df15f7d781,crossref,Ctesibius hydraulic clock,Clock hour correction effect on extreme value analysis of rainfall on Western Coast of India,https://doi.org/10.1080/09715010.2019.1687338,Saha Dauji,2019,journal-article,,,2026-10-05T10:37:40.395732+00:00,B
a3e288e4e7658768,crossref,Ctesibius hydraulic clock,Author’s reply to discussion of ‘clock hour correction effect on extreme value analysis of rainfall on Western Coast of India’,https://doi.org/10.1080/09715010.2020.1792363,Saha Dauji,2020,journal-article,,,2026-10-05T10:37:40.395750+00:00,B
38e420d2e072ed45,crossref,Ctesibius hydraulic clock,Discussion of ‘Clock hour correction effect on extreme value analysis of rainfall on Western Coast of India’ by Dauji (2019),https://doi.org/10.1080/09715010.2020.1792362,P V Timbadiya; Aarti Ghate,2020,journal-article,,,2026-10-05T10:37:40.395790+00:00,B
019e93628d1a463c,crossref,Ctesibius hydraulic clock,Evolutionary Clock (molecular clock),https://doi.org/10.1007/springerreference_96067,,,reference-entry,,,2026-10-05T10:37:40.395826+00:00,B
b8553f4925468ac5,crossref,Ctesibius hydraulic clock,Clock Skew Scheduling and Clock Tree Synthesis,https://doi.org/10.1007/978-0-387-71056-3_5,,,book-chapter,,,2026-10-05T10:37:40.395842+00:00,B
7596cfbce49b015b,crossref,Ctesibius hydraulic clock,The Tone Clock,https://doi.org/10.4324/9780203059418-9,,2012,book-chapter,,,2026-10-05T10:37:40.395855+00:00,B
9a690737a2dae263,crossref,Ctesibius hydraulic clock,The Banjo Clock,https://doi.org/10.1525/9780520951693-058,,2019,book-chapter,,,2026-10-05T10:37:40.395868+00:00,B
95f9b6a05f0fdd4b,crossref,Ctesibius hydraulic clock,DSP Clock Generator Architectures,https://doi.org/10.1007/1-4020-8080-8_7,,,book-chapter,,,2026-10-05T10:37:40.395881+00:00,B
dd637251258d72c0,crossref,Ctesibius hydraulic clock,Winding back the clock,https://doi.org/10.1017/cbo9780511585050.020,,1996,book-chapter,,,2026-10-05T10:37:40.395893+00:00,B
791ef7ccfc548264,crossref,Ctesibius hydraulic clock,12. The Famous Clock,https://doi.org/10.7312/kris56429-012,,2026,book-chapter,,,2026-10-05T10:37:40.395905+00:00,B
b9e07184d9b0aabe,crossref,Ctesibius hydraulic clock,Figure 3—source data 1. Data for qPCR analysis of fat body clock-independent genes and clock genes in flies with ablated clock neurons.,https://doi.org/10.7554/elife.13552.010,,,component,,,2026-10-05T10:37:40.395919+00:00,B
ca9399b32fabf8f6,crossref,Ctesibius hydraulic clock,Clock Scheduling and Clock Tree Synthesis,https://doi.org/10.1007/978-1-4615-4411-1_5,Ivan S. Kourtev; Eby G. Friedman,2000,book-chapter,,,2026-10-05T10:37:40.395934+00:00,B
9fcbb917ce748291,crossref,Ctesibius hydraulic clock,Birdcage clock,https://doi.org/10.1093/gao/9781884446054.article.t2070952,Gordon Campbell,2008,reference-book,,,2026-10-05T10:37:40.395946+00:00,B
9cf08807649cd1a8,crossref,Ctesibian water clock,Infographysics: Physics of the water clock,https://doi.org/10.1051/epn/2025507,Vittorio Aita,2025,journal-article,,,2026-10-05T10:37:42.099165+00:00,B
ddd9d485ce0b3c5a,crossref,Ctesibian water clock,Evolution of Timekeeping from Water Clock to Quartz Clock - the Curious Case of the Bulova ACCUTRON 214 the First Transistorized Wristwatch,https://doi.org/10.29292/jics.v17i3.629,Edval JP Santos,2022,journal-article,,,2026-10-05T10:37:42.099180+00:00,B
3848177a47b91727,crossref,Ctesibian water clock,Archimedean unequal-hour water clock,https://doi.org/10.1007/s40329-016-0135-3,Franco Ghione,2016,journal-article,,,2026-10-05T10:37:42.099202+00:00,B
255c954dfd245d99,crossref,Ctesibian water clock,Water clock,https://doi.org/10.1090/clrm/078/29,,2026,book-chapter,,,2026-10-05T10:37:42.099215+00:00,B
49e3e3e2cef82957,openalex,Ctesibius clock Alexandria,Two Ptolemies in Alexandria,http://dx.doi.org/10.21608/mjas.2000.281529,,2000,academic_work,,,2026-10-05T10:37:42.818997+00:00,B
9d09034ae8d1e065,openalex,Ctesibius clock Alexandria,Macedonian Presence In Alexandria,http://dx.doi.org/10.21608/mjas.2000.281530,,2000,academic_work,,,2026-10-05T10:37:42.819014+00:00,B
85ba8e78a7149154,openalex,Ctesibius clock Alexandria,Roman Black and White Mosaics From Alexandria,http://dx.doi.org/10.21608/mjas.2000.281731,,2000,academic_work,,,2026-10-05T10:37:42.819036+00:00,B
6dc267b675a1930f,openalex,Ctesibius clock Alexandria,Gaston Jondet The discoverer of the Ancient Harbour of Alexandria Asketch of his Public Life,http://dx.doi.org/10.21608/mjas.2000.281730,,2000,academic_work,,,2026-10-05T10:37:42.819075+00:00,B
0cba1dd0bde70304,openalex,Ctesibius clock Alexandria,- Introduction to Surgical Robots’ General Configurations,https://doi.org/10.1201/b17649-5,Mohsen Shahinpoor,2014,academic_work,,"Malone (1978) mentions that Aristotle was the first to discuss the concept of automation as a means to avoid the need for servants. The first versions of robots mostly consisted of clocks, such as the clepsydra (the water clock that measures time through a graduated flow of liquid passing through a small opening [Bedini, 1962]), pioneered by Ctesibius of Alexandria (c. 270 BC) (Rosheim, 1994), subsequently followed by self-moving machines or automatons. The use of automatons was also related to clocks, such as the case of 1497, where two bell-striking giants decorated the clock tower in Piazza San Marco, Venice. Later in history, cuckoo clocks emerged and gained popularity, especially in Germany. Leonardo da Vinci did considerable and notable work on robotics, mostly found in his renowned book Codex Atlanticus. Da Vinci planned to build an anthrobot, though a proper source of energy or the necessary highprecision part manufacturing to build such a robot did not exist in contemporary technology (Pires, 2000). The invention of the textile machine in 1801 by Joseph Jacquard was one of the catalysts and symbols of the Industrial Revolution, which took place in 17501850. The first industrial robot was designed by Seward Babbitt in 1892. This was a motorized crane with a gripper for the removal of ingots from a furnace. Tesla (1898) gave his precious contribution in robotics through his patented remotely controlled device, the first of its kind, among many other inventions that are products of his work. The word “robot” seems to have first become popular when the Czech playwright Karel Capek’s play, entitled “Rossum’s Universal Robots” (RUR), was first performed in Paris, France, in the 1920s. In that play, small, artificial, and anthropomorphic creatures strictly obeyed their master’s orders. In Czech and Russian these creatures were called robotnic, from robota, which are the Czech and Russian words for “drudgery” and “hard work.” “Robotics” as a term, on the other hand, was introduced later, in 1942, by Isaac Asimov in the story “Runaround,” in which the author also submitted the laws of robotics (Asimov, 2012). These laws can be summarized as follows: (a) Law 1: A robot may not harm a human being or, through inaction, allow a human being to come to harm.",2026-10-05T10:37:42.819172+00:00,B
2aef5b7283a4e987,openalex,Ctesibius clock Alexandria,On Designs by Ancient Engineers,https://doi.org/10.1115/1.4024362,,2013,academic_work,,"It is commonly thought that ancient engineers and designers had a relatively low level of scientific knowledge and that any success they had was achieved through trial and error. If ancient devices are investigated more closely, however, we can see that such a belief is unfounded. What follows are just a few examples that demonstrate how much ancient designers knew. In fact, design rules and concepts were employed extensively by the engineers of ancient times, leading to machine design from machine elements and to the design of a machine as a system.With regard to the above, it may be interesting to consider the “Delian Problem,” a legend (Theon of Smyrna) about a disastrous pestilence on the Isle of Delos. The oracle of the god Apollo declared that the god wanted a cubic marble altar built for him, twice the size of the previous one. The inhabitants built a new cube by doubling the dimensions of the previous altar, but the pestilence continued. This was because, obviously, the new cube was eight times the size (or volume) of the old one, and not twice the size.The problem was solved by Eratosthenes with the invention of the mesolabium. The word “mesolabium” comes from the ancient Greek words μεσoς (middle) and λαμβανω (to take). The mesolabium makes it possible to graphically compute two mean proportional line segments x and y between two given line segments a and b so that a:x = x:y = y:b. This also makes it possible (if b = 2a) to compute the side of a new cube whose volume is twice that of a given cube (Delian Problem) and, even to compute the cubic root.We know that in ancient times, knowledge was often transmitted (at least as far as mathematics and geometry are concerned) to initiates. Behind the above-mentioned legend, there was an important concept: if the design of a device “works well,” it does not follow that it is possible to obtain a similar device, but smaller or bigger, simply by scaling the dimensions of the previous design; instead, what will be obtained can be a poor device or even a nonworking one.The mesolabium of Eratosthenes and the mesolabium of Durer are brilliant solutions to the computing of the cubic root; the latter was based on the solution to the problem posed by Hippocrates of Chios (≈470–410 B.C.).An example of the importance of the mesolabius for machine design can be found in the case of throwing machines. These constituted the artillery of the day, throwing big darts (catapults) or stones (ballistae) by means of elastic energy stored in particular springs. Special mathematical and technical skills were necessary to design a throwing machine. The “elastic motor” of these machines was made using a bundle of women’s hair held by two “flanges” called “modioli.” The diameter of the modioli (and hence of the hair bundle) was crucial, just like the caliber in a modern artillery. This was recognized by ancient Greek engineers (e.g., Philo of Byzantium, Archimedes of Syracuse, and Hero of Alexandria) and reported by the Roman engineer Vitruvius: the diameter of a modiolus in Roman digits (1 digit ≈ 19.5 mm) was 1.1 times the cubic root of one hundred times the mass of the projectile measured in minae (1 mina ≈ 431 g).Another crucial step in designing the torsion springs was establishing the ratio between the diameter and length of the cylindrical bundle of elastic cords. For throwing machines with arms fitted externally to the main frame (or “eutitonon”), this ratio was 6.5. In a recent investigation, it was shown that by using this ratio, the hair fibers reached their yield point precisely as had been computed, a surprising result indeed.Another very interesting aspect is that once the diameter of the modiolus had been established, all the other main dimensions of the machine were calculated according to this dimension. This clearly shows that ancient engineers had already introduced the concept of modular design; the words “module” and “modulus” derive from the Latin word modiolus.A surprising ancient machine was the repeating catapult, a futuristic automatic weapon that threw 481 mm-long darts; each dart was taken from a magazine and located in the throwing position by a rotating cylinder. This machine, described by Philon of Byzantium, can be considered to have combined the most advanced mechanical, kinematic, and automatic systems of ancient times, many of which show working principles and conceptions that could be considered “modern.” The mechanism was operated by turning levers, windlasses, or cranks. This invention was attributed to Dionysius of Alexandria around the first century B.C. Some authors who have studied this device concluded that in a first phase of the working cycle, the operators had to turn the windlass in one direction to charge the weapon and at the end of this phase, when the missile was thrown, the operators then had to turn the windlass in the opposite direction to carry the mechanism back to the starting point. This is based on the belief that the transmission of motion in the main mechanism was made by a Galle chain similar to that used in bicycles and motorcycles.In a more recent investigation, however, a new reconstruction was proposed, based on an accurate translation of the text by Philon of Byzantium (Ta Filonos Belopoika 75, 33–34). In the text by Philon, the chain is described as being made by πλινθια (little bricks), with the teeth of the chain mail called περoναις (fins). The author has shown that one of these fins could have easily operated the entire mechanism with the chain (hence the windlass) running in the same direction all the time. According to this reconstruction, the device can be seen to be really automatic and thus shows a surprising modernity.Another very interesting example of ancient designs was the automatic water clock by Ctesibius (285–222 B.C.), who was the director of the Library of Alexandria and who is credited with a large number of inventions, several of them automatic. This device treated the duration of 1 h as different during the day and during the night (except at the equinoxes) and on any given day and so automatically corrected for this difference. In order to understand why an automatic device was required for a water clock, we must remember that the length of the Roman or Greek hour was not constant because it was defined as 1/12 of the time between sunrise and sunset during the day and 1/12 of the time between sunset and sunrise during the night. The water clock designed by Ctesibius solved this problem by means of a very interesting mechanical design. In this design, a bottom tank was filled by a constant flow of water from a top tank that was continuously kept full. A yarn was connected to the ball clock and to a counter weight and was wrapped in coil around the pointer axle. The bottom tank was drained daily and the cycle started again. In this way, the pointer made a complete revolution in 24 h at a constant speed. The dial, however, was fitted to a shaft that was off-center of the pointer shaft. Any time the float passed through a certain position (once a day), it moved a rod that pushed one tooth of a gear. This gear had 365 teeth, so that it made one revolution a year. In this way, the dial made a revolution in 1 yr, rotating with respect to an axis that was off-center of the pointer shaft; the mechanism meant that the pointer axis and the dial axis were aligned just twice a year: at the equinoxes.In the “X liber” of Vitruvius’ treatise, we find another important example of modernity in ancient engineers’ designs: the concept of unification. Practically, all devices, from cart wheels and their components to water pipe diameters, were standardized; even the water distribution in houses was set at about 60 kPa across the Roman Empire by means of six-meter-high water tanks. This standardization, probably required because the legions, moving through the Roman Empire, had to be able to find standardized spare parts everywhere, reveals the existence of mass production and an ancient industrial revolution.Many other ancient devices testify to the modernity of the ancient engineers’ designs, like the automata of Heron of Alexandria, self-propelled siege towers, odometers and thousands of other designs. It is highly probable that the designs we know of are just a very small part of what was invented in ancient times. The reasons why so many ancient designs have been lost is most likely due to: (i) the burning of the Ancient Library of Alexandria, which contained information about most of the ancient scientists’ and engineers’ knowledge and (ii) difficulty in recognizing ancient devices from archaeological remains if their shape is not familiar to us.After the fall of the Roman Empire, during the Middle Ages, the Arabs were the first to study and improve on ancient engineering designs; these were later studied and improved in Europe by the engineers of the Italian Renaissance.",2026-10-05T10:37:42.819208+00:00,A
110f5e8278998f02,openalex,Ctesibius clock Alexandria,Building Culture In Egypt The Historîcal Debate And Contemporary Realities In View Of The Alexandrian Experience,http://dx.doi.org/10.21608/mjas.2000.281531,,2000,academic_work,,,2026-10-05T10:37:42.819354+00:00,B
a21c192d49bb7d84,crossref,Ctesibius clock Alexandria,Optimization of supported chromium catalyst for enhanced production of high-density polyethylene,https://doi.org/10.62184/acj.jacj1000202521,; Haitham Ramadan; ; El-Sayed Mansour; ; Mahmoud Nasr; ; Mohamed Hager; ; Tarek Fahmy; ; ; Mohamed Zakaria; ,2025,journal-article,,,2026-10-05T10:37:43.493423+00:00,B
f1cf42b71b8eb26f,crossref,Ctesibius clock Alexandria,God’s Clock and the First Hours of the World,https://doi.org/10.1515/9783112225981-003,Ludovica De Luca,2026,book-chapter,,,2026-10-05T10:37:43.493439+00:00,B
b9d37eaf47f5bc09,crossref,Ctesibius clock Alexandria,Combining Spreader Grafts with Suture Suspension for Management of Narrow Internal Nasal Valve Angles,https://doi.org/10.5152/tao.2018.2996,; Ahmed Ismail; Wael Hussein; ; Samy Elwany; ,2018,journal-article,,,2026-10-05T10:37:43.493456+00:00,B
93038c6b1776744d,crossref,Ctesibius clock Alexandria,Cytotoxicity And Genotoxicity In Rheumatoid Arthritis: A Dual Effect Of Disease And Drugs.,https://doi.org/10.21474/ijar01/906,; Manal Tayel; Eiman Soliman; ; Hanan Mahrous; ; Saly Shawky; ,2016,journal-article,,,2026-10-05T10:37:43.493471+00:00,B
9b0c13bef3282aeb,crossref,Ctesibius clock Alexandria,AN ONCOPLASTIC APPROACH USING INFRAMAMMARY TRANSPOSITION FLAP TO REPLACE PARTIAL MASTECTOMY DEFECTS.,https://doi.org/10.21474/ijar01/6811,; AhmedFAl Karmouty; AhmedE Shaaban; ; EhabM Elzawawy; ; MeladN Kelada; ,2018,journal-article,,,2026-10-05T10:37:43.493485+00:00,B
5cfc891f1d510625,crossref,Ctesibius clock Alexandria,Libraries before Alexandria,https://doi.org/10.1093/oso/9780199655359.003.0001,Kim Ryholt; Gojko Barjamovic,2019,book-chapter,,,2026-10-05T10:37:43.493498+00:00,B
546046e6e613df0b,crossref,Ctesibius clock Alexandria,"Angiogenic activities of interleukin-8, vascular endothelial growth factor and matrix metalloproteinase-9 in breast cancer",https://doi.org/10.55133/eji.290307,; Seham Abou Shousha; Basma Hussein; ; Yasmine Shahine; ; Geylan Fadali; ; Malak Zohir; ; Yasser Hamed; ; Suzan Baheeg; ; Ahmed Ibrahim; ; Mohammed El Shannawy; ; Eman Osman; ,2022,journal-article,,,2026-10-05T10:37:43.493511+00:00,B
2aed417d3656e191,crossref,Ctesibius clock Alexandria,Catherine of Alexandria,https://doi.org/10.4324/9780415791182-rmeo162-1,Katherine J. Lewis,2022,reference-entry,,,2026-10-05T10:37:43.493524+00:00,B
0b46ff9315a61b85,crossref,Ctesibius clock Alexandria,EVALUATION OF COGNITIVE FUNCTIONS IN CHRONIC HCV ELDERLY PATIENTS.,https://doi.org/10.21474/ijar01/2686,; SekinaIsmailAhmed MD; PerihanElSayedSalem MD; ; SohaAbdElatifAhmed MD; ; SaraTahaAbdElfatah MS; ,2016,journal-article,,,2026-10-05T10:37:43.493537+00:00,B
f4c079abd2c2bcbb,crossref,Ctesibius clock Alexandria,Editorial,https://doi.org/10.5007/1982-5153.2016v9n2p1,Editores Alexandria,2016,journal-article,,,2026-10-05T10:37:43.493551+00:00,B
54ed763c44f68c2b,crossref,Ctesibius clock Alexandria,The Bible at Alexandria,https://doi.org/10.2307/j.ctt1cgfbr8.7,,2014,book-chapter,,,2026-10-05T10:37:43.493564+00:00,B
323b0ac126d4d11f,crossref,Ctesibius clock Alexandria,Editorial,https://doi.org/10.5007/1982-5153.2017v10n1p1,Editores Alexandria,2017,journal-article,,,2026-10-05T10:37:43.493577+00:00,B
15b7def509d0ca85,crossref,Ctesibius clock Alexandria,"E-CADHERIN AS A PROGNOSTIC AND PREDICTIVE BIOMARKER IN INVASIVE BREAST CARCINOMA, A CLINICO-PATHOLOGICAL STUDY.",https://doi.org/10.21474/ijar01/7177,; SuzannaWilliam Skander; HalaKhalil Maghraby; ; Heba Moomen; ; AhmedFarouk Alkarmouty; ,2018,journal-article,,,2026-10-05T10:37:43.493590+00:00,B
7b06795ccb00e7db,crossref,Ctesibius clock Alexandria,INCREASED SPERM DNA FRAGMENTATION NEGATIVELY AFFECTS EMBRYO QUALITY IN A COHORT OF EGYPTIAN PATIENTS.,https://doi.org/10.21474/ijar01/8323,; Gaafar Sh; ElGeziry D; ; Younan D; ; ElDakhakhny M; ,2019,journal-article,,,2026-10-05T10:37:43.493612+00:00,B
5a9315a2bfe7edf3,openalex,Ctesibius clepsydra reconstruction,CULTURAL ROOTS OF TECHNOLOGY: AN INTERDISCIPLINARY STUDY OF AUTOMATED SYSTEMS FROM THE ANTIQUITY TO THE RENAISSANCE,http://hdl.handle.net/2434/155494,Nadia Ambrosetti,2011,academic_work,,"The aim of this research work is to outline the history of proto-cybernetic systems throughout antiquity, Middle Ages and Renaissance. After identifying what are considered the main characteristics of an automaton, we examine all technical, literary, historical available sources, in order to get the descriptions not only of the actually built or designed automata, but also of the ones that were imagined in literary texts. From the work of historical reconstruction it has also been possible to make a classification of ancient automata, thanks to a UML representation of their operation. This classification of the types of automata and of the actions they could perform (or attributed to them) made it possible to build a matrix of distances of more than 200 automata (and of their features) with the Minkowski algorithm and consequently to get a philomemetic tree (with the software MEGA 4.0), which describes automata evolution over the period.",2026-10-05T10:37:44.315823+00:00,E
fab9f4cb203ce9cc,openalex,Ctesibius clepsydra reconstruction,Історія науки й техніки,https://repository.kpi.kharkov.ua/handle/KhPI-Press/48965,S.S. Tkachenko; М. Gutnyk; В. А. Садковська,2020,academic_work,,"The tutorial ""History of Science and Technology"" is intended for undergraduate students who study this academic subject in English. The material for each of the themes covers a specific historical period in the history of science and technology from ancient times to the present. The last theme is devoted to the study of the history of NTU ""Kharkiv Polytechnic Institute"".",2026-10-05T10:37:44.315879+00:00,E
97913572a609fcc4,openalex,Ctesibius clepsydra reconstruction,Commons-based science and research and the privatization of its fruits: the robotics paradigm,https://doi.org/10.3917/jie.012.0175,Nikos Aspragathos,2013,academic_work,,"This paper deals with the contradiction between the inherent accumulative socialized production of the scientific and technological knowledge and the privatization and commercialization of the results. The evolution of the technological knowledge is based on the humanity heritage from mythology and a great variety of disciplines such as art, craft, science, engineering as well as the collective efforts of artists, scientists, engineers, technicians and workers, that is called socialized knowledge production. The controversial issue on the justification of the strengthening the Intellectual Property (IP) protection legislation is considered to show that the aforementioned critical contradiction is underestimated by both sides of supporters and opponents of the IP regime.JEL Codes: L63, O31, O33, O34",2026-10-05T10:37:44.315903+00:00,B
fe489c5c2460a7e3,openalex,Ctesibius clepsydra reconstruction,Observations and predictions of eclipse times by astronomers in the pre-telescopic period.,http://etheses.dur.ac.uk/990,John M. Steele,1998,academic_work,,"Eclipses of the Sun and Moon are among the most impressive of celestial events.It is therefore unsurprising that they have played an important role in the astronomy and astrology of most early cultures.Many hundreds of references to eclipses are found in the writings of the chroniclers and astronomers of the pre-telescopic world.In particular, the astronomers of Babylon, Ancient Greece, the Islamic Near East, Later Medieval and Renaissance Europe, China, and Japan, recorded a large number of observations and predictions of the time of an eclipse.The present study contains an extensive compilation of all known timed reports of eclipse observations and predictions made by astronomers in the pre-telescopic period.By performing a basic analysis of the recorded times, it has been possible to trace the gradual development of the techniques used by the astronomers to observe and predict eclipses.In order to conduct this analysis, it has been necessary to investigate a number of other problems including the dating of damaged observational accounts, the units of time used by the early astronomers, and the methods by which the Babylonians predicted eclipses.Many of these questions have not previously been answered.Therefore, the results of this study provide important information regarding the astronomies of these early cultures.8 Conclusion 170 8.1",2026-10-05T10:37:44.315927+00:00,E
82b5b25dbb03c1ef,openalex,Ctesibius clepsydra reconstruction,Towards Bootstrapping Robotic Perception of Indoor Environments,http://resolver.tudelft.nl/uuid:ae201f3b-6470-458e-a988-f077484a6639,A.C. Alagarsamybalasubramanian,2012,academic_work,,"Robots have been popular amongst us as Science fiction characters for a few decades now. The inability of the robots to robustly perceive and respond to the real world has been confining them to the laboratories for a long time. This can be attributed to the dynamic nature of the everyday environments where the prelearnt knowledge alone is not sufficient. The robots can be developed to work autonomously in these situations when they can obtain and update the knowledge of their surrounding on their own without external intervention. This process is termed as bootstrapping and it involves perceiving various aspects of the environment like faces, objects, sound, etc. This is a very elaborate task given the current level of sophistication. It is important for an intelligent robot to be able to comprehend unknown objects in the scene and this thesis focuses on handling unknown objects. A segmentation based on the 3 dimensional sensory data of the visual scene is implemented. The large planar structures in the scene are identified and the rest of the data is clustered to locate the probable objects in the scene. The appearance of the objects are chromatically and spatially described and are the basis on which they are recognized from the pre-learnt object models. A generic grasping technique based on the visual tracking feedback has been proposed and implemented to grasp any different object from various common locations.",2026-10-05T10:37:44.315955+00:00,E
10a4d08a56e5512f,crossref,Ctesibius clepsydra reconstruction,Reconstruction designs of an early Chinese astronomical clock with a waterwheel steelyard clepsydra,https://doi.org/10.5194/ms-12-891-2021,Zeng-Hui Hwang; Tsung-Yi Lin; Hong-Sen Yan,2021,journal-article,,,2026-10-05T10:37:44.803041+00:00,B
87525c0c9d3d6d7b,openalex,Ctesibius constant water level,Inside the Hydra: Taking the Ancient Water Organ Seriously,https://doi.org/10.1163/22129758-bja10055,Stefan Hagel,2023,academic_work,,"Abstract Although ancient sources describe the mechanism of the ancient water organ’s wind supply in considerable detail, modern attempts at recreating such a device have remained unsatisfactory. A study of the relations between the shape of the pressure chamber, its size, possible water levels and the ensuing usable air pressure and volume suggests that the true hydraulis played at much higher pressures than has been commonly assumed. Such pressures would support reed pipes much more readily than flue pipes; this, in turn, can explain the sound volume that we must expect from an instrument that was used in open spaces and inherently noisy environments.",2026-10-05T10:37:45.959631+00:00,B
a8e2f5af38d06474,openalex,Ctesibius constant water level,Egyptian and Greek Water Cultures and Hydro-Technologies in Ancient Times,https://doi.org/10.3390/su12229760,Abdelkader Tawfeek Ahmed; Fatma A. El‐Gohary; Vasileios A. Tzanakakis; Andreas N. Angelakιs,2020,academic_work,,"Egyptian and Greek ancient civilizations prevailed in eastern Mediterranean since prehistoric times. The Egyptian civilization is thought to have been begun in about 3150 BC until 31 BC. For the ancient Greek civilization, it started in the period of Minoan (ca. 3200 BC) up to the ending of the Hellenistic era. There are various parallels and dissimilarities between both civilizations. They co-existed during a certain timeframe (from ca. 2000 to ca. 146 BC); however, they were in two different geographic areas. Both civilizations were massive traders, subsequently, they deeply influenced the regional civilizations which have developed in that region. Various scientific and technological principles were established by both civilizations through their long histories. Water management was one of these major technologies. Accordingly, they have significantly influenced the ancient world’s hydro-technologies. In this review, a comparison of water culture issues and hydro-structures was adopted through the extended history of the ancient Egyptians and Greeks. The specific objectives of the work are to study the parallel historical cultures and hydro-technologies, assessing similarities and differences, and to analyze their progress since primitive times. The tools adopted for the research include visits to historical aeras and museums, comments, consultations, correlation and exhibitions available in the cyberspace. Review results herein showed that dams and canals were constructed in ancient Egypt to manage the flood of the Nile river and develop irrigation systems from ca. 6000 BC. In the second millennium BC, Minoans managed the flow of the streams via two dams, to protect arable land from destruction after intense rainfall and to irrigate their farms. Additional results showed that ancient Egyptians and Greeks invented many devices for lifting water for plant irrigation such as the shadouf, sakia and tympanum and pumps, of which some were already in use in Mesopotamia for irrigating small plots. The ancient Egyptians were the first who discovered the principle and the basis of coagulation (after ca. 1500 BC). They used the alum for accelerating the settlement of the particles. Additionally, the ancient Greeks developed several advanced water treatment technologies since the prehistoric times. To sum up, the study captured many similarities between two civilizations in water technologies. In addition, it confirmed the sustainability and durability of several of those hydro-technologies since they are still in use up to now in many places.",2026-10-05T10:37:45.959658+00:00,B
8a2c0668ca972947,openalex,Ctesibius constant water level,"Teaching Propaganda: Water, Food, and Power in the Livre d’Écolier",https://doi.org/10.1515/9783111334646-013,Chiara Meccariello,2024,academic_work,,"This paper focuses on P.Cairo JE 65445, a Greek textbook from the Fayum dating to the late 3rd c. BC, and argues that its literary anthology conveys a carefully curated narrative of Ptolemaic power for classroom use. Through the themes of control over water and food opulence, the textbook reflects Ptolemaic strategies of self-presentation which could be particularly appealing to third-century BC Fayumite users. Thus, the textbook serves as an illustration of the permeability of the ancient classroom to time- and place-specific political symbolism.",2026-10-05T10:37:45.959701+00:00,B
915a115d0b7a81c6,openalex,Ctesibius constant water level,An Evaluation of the Water Lifting Limit of a Manually Operated Suction Pump: Model Estimation and Laboratory Assessment,https://scholarcommons.usf.edu/etd/7056,Katherine C. Marshall,2017,academic_work,,"With 663 million people still without access to an improved drinking water source, there is no room for complacency in the pursuit of Sustainable Development Goal (SDG) Target 6.1: “universal and equitable access to safe and affordable drinking water for all” by 2030 (WHO, 2017). All of the current efforts related to water supply service delivery will require continued enthusiasm in diligent implementation and thoughtful evaluation. This cannot be over-emphasized in relation to rural inhabitants of low-income countries (LICs), as they represent the largest percentage of those still reliant on unimproved drinking water sources. In that lies the motivation and value of this thesis research- improving water supply service delivery in LICs. Manually operated suction pumps, being relatively robust, low cost, and feasible to manufacture locally, are an important technology in providing access to improved drinking water sources in LICs, especially in the context of Self-supply. It seems widely accepted that the water-lifting limit of suction pumps as reported in practice is approximately seven meters. However, some observations by our research group of manually operated suction pumps lifting water upwards of nine meters brought this “general rule of thumb” limit into question. Therefore, a focused investigation on the capabilities of a manually operated suction pump (a Pitcher Pump) was conducted in an attempt to address these discrepancies, and in so doing, contribute to the understanding of this technology with the intent of providing results with practical relevance to its potential; that is, provide evidence that can inform the use of these pumps for water supply. In this research, a simple model based on commonly used engineering approaches employing empirical equations to describe head loss in a pump system was used to estimate the suction lift limit under presumed system parameters. Fundamentally based on the energy equation applied to incompressible flow in pipes, the empirically derived Darcy-Weisbach equation and Hydraulic Institute Standards acceleration head equation were used to estimate frictional and acceleration head losses. Considering the theoretical maximum suction lift is limited to the height of a column of water that would be supported by atmospheric pressure, reduced only by the vapor pressure of water, subtracting from this the model was used to predict the suction lift limit, also referred to herein as the practical theoretical limit, assuming a low (4 L/min) and high (11 L/min) flow rate for three systems: 1) one using 1.25-inch internal diameter GI pipes, 2) one using 1.25-inch internal diameter PVC pipes, and 3) one using 2-inch internal diameter PVC pipes. In all considered cases, with an elevation equal to sea level, the suction lift limit was estimated to be over nine meters. At a minimum, the suction lift limit was estimated to be approximately 9.4 meters for systems using 1.25-inch internal diameter pipe and 9.8 meters for systems using 2-inch internal diameter pipe, with essentially no discernable effects noticed between pipe material or pipe age. Additionally, laboratory (field) trials using a Simmons Manufacturing Picher Pump and each of the aforementioned pipe specifications were conducted at the University of South Florida (Tampa, FL, USA) to determine the practical pumping limit for these systems. Results from the pumping trials indicated that the practical pumping limit- the greatest height at which a reasonable pumping rate could be consistently sustained with only modest effort, as perceived by the person pumping- for a Pitcher Pump is around nine meters (9 meters when using 1.25-inch internal diameter GI or PVC pipe and 9.4 meters when using 2-inch internal diameter PVC pipe). Therefore, results from this research present two pieces of evidence which suggest that the practical water-lifting limit of manually operated suction pumps is somewhere around nine meters (at sea level), implying that reconsideration of the seven-meter suction lift limit commonly reported in the field might be warranted.",2026-10-05T10:37:45.959724+00:00,B
e73c4cca68a753a7,openalex,Ctesibius constant water level,Control Systems as Used by the Ancient World,https://commons.erau.edu/pr-honors-coe/1,Lisa M. Ferguson,2015,academic_work,,"For as long as humanity has had time to devote to thought, there have been engineers developing technology. In the ancient world, especially during the Hellenistic period, the engineers and philosophers devoted their time to developing control systems and bringing automation into the modern world. A control system is a device or process that regulates the behavior of another device or system. Ancient control systems used water almost exclusively as their method of control, mainly because of its availability and its versatility of states. From the rapid flow a river to the rising power of hot steam to the slow drip of water from a bucket, water was the harness of the natural world for control engineers. Without easy access to water, many of the control systems of the ancient world would not exist.",2026-10-05T10:37:45.959865+00:00,E
17502b28f4173a4f,openalex,Ctesibius constant water level,ARDUINO BASED FIRE DETECTION AND CONTROL SYSTEM,https://doi.org/10.33564/ijeast.2020.v04i11.080,Muhammad Shazali Dauda; Usman Saleh Toro,2020,academic_work,,"Fire outbreak is a major concern at homes, offices, industries etc.It is dangerous and requires high security and control to avoid destruction of lives and property.One of the preventive measures to avoid the danger is to install an automatic fire alarm detector at vulnerable locations, hence the Arduino based fire alarm detection and control system was proposed.It is capable of automatically detecting heat in a given environment, sound an alarm, switch off mains of the building and also spray water to reduce the intensity of fire.The system uses a DHT 11 sensor, a buzzer, 5v DC (Direct Current) motor, a GSM (Global System for Mobile) Module sim800l to send SMS (Short Message Service) and a LCD screen 16X2 and Atmeg328p Microcontroller.At the end, the objectives of this project were achieved and the system worked effectively.",2026-10-05T10:37:45.959890+00:00,B
e664d7564492968c,openalex,Ctesibius constant water level,Homeostasis: The Underappreciated and Far Too Often Ignored Central Organizing Principle of Physiology,https://doi.org/10.3389/fphys.2020.00200,George E. Billman,2020,academic_work,,"The grand challenge to physiology, as was first described in an essay published in the inaugural issue of Frontiers in Physiology in 2010, remains to integrate function from molecules to intact organisms. In order to make sense of the vast volume of information derived from, and increasingly dependent upon, reductionist approaches, a greater emphasis must be placed on the traditional integrated and more holistic approaches developed by the scientists who gave birth to physiology as an intellectual discipline. Our understanding of physiological regulation has evolved over time from the Greek idea of body humors, through Claude Bernard's ""milieu intérieur,"" to Walter Cannon's formulation of the concept of ""homeostasis"" and the application of control theory (feedback and feedforward regulation) to explain how a constant internal environment is achieved. Homeostasis has become the central unifying concept of physiology and is defined as a self-regulating process by which an organism can maintain internal stability while adjusting to changing external conditions. Homeostasis is not static and unvarying; it is a dynamic process that can change internal conditions as required to survive external challenges. It is also important to note that homeostatic regulation is not merely the product of a single negative feedback cycle but reflects the complex interaction of multiple feedback systems that can be modified by higher control centers. This hierarchical control and feedback redundancy results in a finer level of control and a greater flexibility that enables the organism to adapt to changing environmental conditions. The health and vitality of the organism can be said to be the end result of homeostatic regulation. An understanding of normal physiology is not possible without an appreciation of this concept. Conversely, it follows that disruption of homeostatic mechanisms is what leads to disease, and effective therapy must be directed toward re-establishing these homeostatic conditions. Therefore, it is the purpose of this essay to describe the evolution of our understanding of homeostasis and the role of physiological regulation and dysregulation in health and disease.",2026-10-05T10:37:45.959908+00:00,B
9e8382d4e90c5f54,openalex,Ctesibius constant water level,Time-dependent numerical model for simulating internal oscillations in a sea organ,https://doi.org/10.1016/j.oceaneng.2020.107336,Nino Krvavica; Gabrijel Peroli; Igor Ružić; Nevenka Ožanić,2020,academic_work,,,2026-10-05T10:37:45.959944+00:00,B
97d8c3f81a2d9a3b,openalex,Ctesibius constant water level,Lighting the Colossus of Rhodes: A Beacon by Day and Night,https://doi.org/10.30958/ajms.5-1-2,Robert B. Kebric,2019,academic_work,,"This is one of several interrelated articles on the Colossus of Rhodes (Kebric 2019a, 2019b).Conclusions reached in those other articles, particularly one on the height of the Colossus, one of the Seven Wonders of the Ancient World, and the nature and size of any pedestal on which the giant statue stood, determined that it was at least 110 feet tall and stood on a three-tiered pedestal some fifty-feet high --a combined height of 160 feet.These other ATINER studies also concluded that the Colossus, the largest statue in the Greek world and votive offering to Helios, God of the Sun and the island's patron deity, was located at the apex of the acropolis of Rhodes city among the island's other most sacred temples and monuments atop what is today known as Monte Smith.The latter, approaching about 300 feet in antiquity, would have elevated the Colossus some 460 feet above the sea below, and also made it an ideal -light tower‖ for vessels approaching and leaving Rhodes' five harbors.This study develops that idea to its logical conclusion, incorporating the latest information about such light towers on mountainous Greek islands (such as Rhodes).While there is no specific information about the Colossus as a lighthouse, there can be no doubt that Rhodes would have needed a light tower(s) on its heights from an early time.It is also logical that the Colossus would have been constructed with that purpose in mind from the start and assumed that function when built.Comparisons with the contemporary Lighthouse at Pharos, another of the Seven Wonders, and the modern Statue of Liberty, originally conceived as a lighthouse and close in size to the Colossus, are also included--as is the reminder of the human inclination from earliest days to -light‖ tall structures that they build.The Eiffel tower is another more recent example.Suggestions as to how the Colossus could have functioned as a lighthouse, both by day and night, are also offered.Practical applications of expensive civic projects, especially long-drawn out ones, are also always an unavoidable consideration to city fathers of any period feeling community pressures: The Colossus was no different in that respect.",2026-10-05T10:37:45.959971+00:00,B
71897a91aed0e803,openalex,Ctesibius constant water level,A Review of Vehicles for Fire Suppression,https://doi.org/10.20944/preprints202409.0184.v1,Osman Acar; Eija Honkavaara,2024,academic_work,,"The increasing frequency and intensity of wildfires necessitate innovative solutions to enhance firefighting capabilities. This review provides a comprehensive evaluation of vehicles specifically designed for direct forest fire suppression, focusing on their speed of fire response, and encompasses both ground and aerial units. The study explores the functionality and speed capacity of various fire suppression vehicles, including fire trucks, firefighting aircrafts and helicopters, robotic firefighting vehicles and uncrewed aerial vehicles (UAVs). Key features such as mobility, water capacity, and advanced technologies including Artificial Intelligence (AI)-driven navigation and remote sensing capabilities are evaluated. The review also addresses the operational challenges these vehicles face in wildland environments. Additionally, it identifies emerging trends and innovations in fire suppression vehicle technology, offering insights into future developments that aim to enhance the effectiveness and safety of firefighting operations in forest fires. This overview aims to serve as a valuable resource for researchers, fire departments, and emergency response planners focused on advancing fire suppression strategies in forest.",2026-10-05T10:37:45.960005+00:00,B
0e1ecc85f021905e,openalex,Ctesibius constant water level,A Review of Vehicles for Fire Suppression,http://dx.doi.org/10.20944/preprints202409.0184.v2,Osman Acar; Eija Honkavaara,2024,academic_work,,"The increasing frequency and intensity of wildfires necessitate innovative solutions to enhance firefighting capabilities. This review provides a comprehensive evaluation of vehicles specifically designed for direct forest fire suppression, focusing on their speed of fire response, and encompasses both ground and aerial units. The study explores the functionality and speed capacity of various fire suppression vehicles, including fire trucks, firefighting aircrafts and helicopters, robotic firefighting vehicles and uncrewed aerial vehicles (UAVs). Key features such as mobility, water capacity, and advanced technologies including Artificial Intelligence (AI)-driven navigation and remote sensing capabilities are evaluated. The review also addresses the operational challenges these vehicles face in wildland environments. Additionally, it identifies emerging trends and innovations in fire suppression vehicle technology, offering insights into future developments that aim to enhance the effectiveness and safety of firefighting operations in forest fires. This overview aims to serve as a valuable resource for researchers, fire departments, and emergency response planners focused on advancing fire suppression strategies in forest.",2026-10-05T10:37:45.960024+00:00,B
a21bf6a64ca22d87,openalex,Ctesibius constant water level,"Liquid Piston Compression Heat Transfer Prediction via Thermal‐Resistance Network: Simulation, Experimental Validation, and Liquid Carryover Evaluation",https://doi.org/10.1002/ente.202401121,Luke Middleton; Marco Bernagozzi; Rob Morgan; Gareth Milton; Andrew Atkins; Penny Atkins,2024,academic_work,,"Liquid piston compressors gain attention due to their potential for more efficient and isothermal compression compared to traditional solid piston compressors. Liquid piston compressors use a liquid column instead of a solid piston, allowing for innovative mechanisms to enhance heat transfer and achieve near‐isothermal compression. However, a validated analytical model for heat transfer in liquid piston compressors is still needed to understand the exhaust phase within a liquid piston. In this work, a thermal network model, able to predict the polytropic index to within 8% of the experimental results, is proposed. Moreover, thorough experimentation is conducted to measure the amount of liquid carried over to better understand the exhaust phase. In the results, it is revealed that the piston carries over 13–21 mL of liquid within the exhaust gas for 10–23 s of stroke. Notably, the difference in liquid carried over for the three‐stroke times is not statistically significant, indicating that the liquid carried over is a function of liquid piston design and not stroke time. Finally, most liquid piston applications consider only water; hence, for the first time, this research assesses the stability of a cycle using a nonflammable hydraulic fluid (Fuchs 46 M red) to enhance compressor longevity and material compatibility.",2026-10-05T10:37:45.960052+00:00,B
db8fc7be1a965851,openalex,Ctesibius constant water level,,https://doi.org/10.30958/ajms_v5i1,,2019,academic_work,,"Mission ATINER is a World Non-Profit Association of Academics and Researchers based in Athens.ATINER is an independent Association with a Mission to become a forum where Academics and Researchers from all over the world can meet in Athens, exchange ideas on their research and discuss future developments in their disciplines, as well as engage with professionals from other fields.Athens was chosen because of its long history of academic gatherings, which go back thousands of years to Plato's Academy and Aristotle's Lyceum.Both these historic places are within walking distance from ATINER""s downtown offices.Since antiquity, Athens was an open city.In the words of Pericles, Athens""…is open to the world, we never expel a foreigner from learning or seeing"".(""Pericles"" Funeral Oration"", in Thucydides, The History of the Peloponnesian War).It is ATINER""s mission to revive the glory of Ancient Athens by inviting the World Academic Community to the city, to learn from each other in an environment of freedom and respect for other people""s opinions and beliefs.After all, the free expression of one""s opinion formed the basis for the development of democracy, and Athens was its cradle.As it turned out, the Golden Age of Athens was in fact, the Golden Age of the Western Civilization.Education and (Re)searching for the ""truth"" are the pillars of any free (democratic) society.This is the reason why Education and Research are the two core words in ATINER""s name.",2026-10-05T10:37:45.960114+00:00,B
5591c3943841d79a,crossref,Ctesibius constant water level,A constant-level device for constant-temperature water baths,https://doi.org/10.1021/ed010p377,J. H. Robertson,1933,journal-article,,,2026-10-05T10:37:46.349113+00:00,B
898c64ea32cd77eb,crossref,Ctesibius constant water level,Liquid Time-Constant Networks for Water Level Forecasting in Urban Drainage: Adaptive Time-Scale Modeling of Hydrological Dynamics,https://doi.org/10.3390/w18172169,Rafał Buczyński,2026,journal-article,,,2026-10-05T10:37:46.349131+00:00,B
120e0f470e97c468,crossref,Ctesibius constant water level,Liquid Time-Constant Networks for Water-Level Forecasting in Urban Drainage: Adaptive Continuous-Time Dynamics for Hydrological Processes,https://doi.org/10.2139/ssrn.6904014,Rafał Buczyński,2026,posted-content,,,2026-10-05T10:37:46.349146+00:00,B
56cc07c75dbd44a3,crossref,Ctesibius constant water level,Constant-Level Water Baths,https://doi.org/10.1021/ie50186a035,H. J. Wing,1925,journal-article,,,2026-10-05T10:37:46.349161+00:00,B
cb55aa0ab8913028,crossref,Ctesibius constant water level,A Constant-Level Water Bath Using Distilled Water<sup>1</sup>,https://doi.org/10.1021/ie50205a014,R. W. Gerdel,1927,journal-article,,,2026-10-05T10:37:46.349174+00:00,B
bb5174f9b6669cb8,crossref,Ctesibius constant water level,Constant Water-Level Devices.,https://doi.org/10.1021/ie50180a005,Robert E. Jefferson,1924,journal-article,,,2026-10-05T10:37:46.349186+00:00,B
52932890825d55a9,crossref,Ctesibius constant water level,CORRESPONDENCE. Constant Level Controls for Water Baths,https://doi.org/10.1021/ac60018a032,A H. Nissan,1948,journal-article,,,2026-10-05T10:37:46.349198+00:00,B
6e8fb9d9038e44ba,crossref,Ctesibius constant water level,A constant-level device for water baths,https://doi.org/10.1021/ed041p614,H. D. Harlan,1964,journal-article,,,2026-10-05T10:37:46.349221+00:00,B
8590e0db9dcea6e8,crossref,Ctesibius constant water level,A constant level water-bath,https://doi.org/10.1021/ed006p1335,Norval F. Wilson; R. K. Carleton,1929,journal-article,,,2026-10-05T10:37:46.349234+00:00,B
874941a2888cd4f6,crossref,Ctesibius constant water level,Response of an Unconfined Sloping Aquifer to Constant Recharge and Seepage from the Stream of Varying Water Level,https://doi.org/10.1007/s11269-010-9732-7,Rajeev K. Bansal; Samir Kumar Das,2010,journal-article,,,2026-10-05T10:37:46.349247+00:00,B
f2ce5a0ca4ecd958,crossref,Ctesibius constant water level,Two Forms of a Constant Water–Level Device,https://doi.org/10.1021/ie50177a010,H. D. Wilde,1924,journal-article,,,2026-10-05T10:37:46.349262+00:00,B
dea4a5bf3b2c9602,crossref,Ctesibius constant water level,A constant level water system for long-term pot experiments,https://doi.org/10.1071/ea9680749,Vries MPC de,1968,journal-article,,,2026-10-05T10:37:46.349287+00:00,B
df1fb4ced6668877,crossref,Ctesibius constant water level,Constant-level siphon for a hot water bath,https://doi.org/10.1021/ed011p462,G. R. Yohe; C. G. Keckler,1934,journal-article,,,2026-10-05T10:37:46.349300+00:00,B
6705528dbfe1a147,crossref,Ctesibius constant water level,Maintaining a constant soil moisture level can enhance the growth and phenolic content of sweet basil better than fluctuating irrigation,https://doi.org/10.1016/j.agwat.2020.106203,Suyun Nam; Seonghwan Kang; Jongyun Kim,2020,journal-article,,,2026-10-05T10:37:46.349313+00:00,B
330789a497c0c07b,crossref,Ctesibius constant water level,SUPERPRESSURE BALLOON FOR CONSTANT LEVEL FLIGHT,https://doi.org/10.21236/ad0297099,L. A. Grass,1962,report,,,2026-10-05T10:37:46.349326+00:00,B
b9c65765abcde1ac,crossref,Ctesibius constant water level,Unsteady flow to a pumped well in a fissured aquifer with a free surface level maintained constant,https://doi.org/10.1029/wr014i003p00527,N. S. Boulton; T. D. Streltsova,1978,journal-article,,,2026-10-05T10:37:46.349340+00:00,B
79903f7263062f09,openalex,Ctesibius float mechanism,Plasma Control: A Review of Developments and Applications of Plasma Medicine Control Mechanisms,https://doi.org/10.3390/plasma7020022,Jonathan E. Thomas; Katharina Stapelmann,2024,academic_work,,"Cold atmospheric plasmas (CAPs) within recent years have shown great promise in the field of plasma medicine, encompassing a variety of treatments from wound healing to the treatment of cancerous tumors. For each subsequent treatment, a different application of CAPs has been postulated and attempted to best treat the target for the most effective results. These treatments have varied through the implementation of control parameters such as applied settings, electrode geometries, gas flow, and the duration of the treatment. However, with such an extensive number of variables to consider, scientists and engineers have sought a means to accurately control CAPs for the best-desired effects in medical applications. This paper seeks to investigate and characterize the historical precedent for the use of plasma control mechanisms within the field of plasma medicine. Current control strategies, plasma parameters, and control schemes will be extrapolated through recent developments and successes to gain better insight into the future of the field and the challenges that are still present in the overall implementation of such devices. Proposed approaches, such as data-driven machine learning, and the use of closed-loop feedback controls, will be showcased as the next steps toward application.",2026-10-05T10:37:47.388040+00:00,B
754adf4c5ccce884,openalex,Ctesibius float mechanism,"A visual, intuitive and engaging approach for explaining the concept of feedback in control systems",https://doi.org/10.18260/1-2--44982,Daniel Raviv; Juan Yepes,2024,academic_work,,"With more than 30 years of combined experience in the high-tech industry, government and academia Dr. Raviv developed fundamentally different approaches to ""out-of-the-box"" thinking and a breakthrough methodology known as ""Eight Keys to Innovation.""He has been sharing his contributions with professionals in businesses, academia and institutes nationally and internationally.He was a visiting professor at the University of Maryland (at Mtech, Maryland Technology Enterprise Institute) and at Johns Hopkins University (at the Center for Leadership Education) where he researched and delivered processes for creative & innovative problem solving.",2026-10-05T10:37:47.388279+00:00,B
af3538d5f1114ba6,openalex,Ctesibius float mechanism,Control and regulation of pathways via negative feedback,https://doi.org/10.1098/rsif.2016.0848,Herbert M. Sauro,2017,academic_work,,"The biochemical networks found in living organisms include a huge variety of control mechanisms at multiple levels of organization. While the mechanistic and molecular details of many of these control mechanisms are understood, their exact role in driving cellular behaviour is not. For example, yeast glycolysis has been studied for almost 80 years but it is only recently that we have come to understand the systemic role of the multitude of feedback and feed-forward controls that exist in this pathway. In this article, control theory is discussed as an approach to dissect the control logic of complex pathways. One of the key issues is distinguishing between the terms control and regulation and how these concepts are applied to regulated enzymes such as phosphofructokinase. In doing so, one of the paradoxes in metabolic regulation can be resolved where enzymes such as phosphofructokinase have little control but, nevertheless, possess significant regulatory influence.",2026-10-05T10:37:47.388354+00:00,B
29cf9f2c74b0e227,openalex,Ctesibius float mechanism,The History and Evolution of Kinetic Art,https://doi.org/10.7763/ijssh.2015.v5.581,Guang-Dah Chen; Chih-Wei Lin; Hsiwen Fan,2014,academic_work,,"Kinetic Art is a model of dynamic perceivable expression.As the continuous advance and improvement of science and technology, Kinetic Art thus combined with the technology of each year and displayed different appearances that it has been deeply influenced by technology and its development.This research would investigate the history of Kinetic Art via reviewing literature.And discuss the expression appearance in each stage and the influence on current Kinetic Art.Finally, the following viewpoints are proposed.1.The evolution of Kinetic Art are gradually turned from living entertainment to art fields, and has a tight connection with technology.2. Bauhaus established the position of Kinetic Art in the education of plastic design, and Kinetic Art is the indispensable manifestation pattern in the education of design.3. Technology exists inside the creative ideas of Kinetic Art and that will drive the development of new fields of vision.4. Kinetic Art will be conducted by high-tech and sustainably precede development of dynamic optical illusion effect and combine interaction and participation.",2026-10-05T10:37:47.388372+00:00,B
4e3ee724616e9182,openalex,Ctesibius float mechanism,Pompai and the Mechanics of Sacred Occasion,https://doi.org/10.1017/9781009331722.007,Tatiana Bur,2025,academic_work,,"Chapter 6 turns to ritual processions or parades ( pompai ) which formed part of ancient Greek religious festivals. On the evidence of the Great Dionysia of 309/308 BCE organised by Demetrius of Phalerum, Ptolemy II’s ‘Grand Procession’ shortly thereafter, and Herodes Atticus’ Panathenaea of 143 CE, large, self-animated machines, known as automata, became a feature of Hellenistic processions. Automata were effective as processional equipment because they enhanced existing features of religious procession: narrative, synaesthesia, and the call–response relation between worshippers and the deity. Automata in procession attest to the new technological capabilities of the Hellenistic period and are harnessed within new religious and political realities including the development of ruler cult, but their effective deployment was based on existing theological structures. The chapter also looks in detail at the only extant technical text dedicated to the construction of automata: Hero of Alexandria’s On Automata .",2026-10-05T10:37:47.388388+00:00,A
53a5528c75041fb4,openalex,Ctesibius float mechanism,Uma contribuição ao desenvolvimento de manipuladores antropomorficos com enfase na utilização de musculos artificiais,https://doi.org/10.47749/t/unicamp.2007.415102,Eduardo Felippe Aguiar Mendes,2007,academic_work,,"Este trabalho visou o estudo de manipuladores à semelhança do membro superior humano.Após o estudo do membro superior humano e dos robôs antropomórficos disponíveis tanto na industria quanto no meio acadêmico, utilizaram-se teorias de modelagem geométrica, cinemática direta e cinemática inversa para realizar o modelo de um manipulador robótico antropomórfico.A partir desse modelo desenvolveu-se um software em LabVIEW de Cinemática Direta e Cinemática Inversa de operação em tempo real.Com a intenção de verificar os acionadores mais apropriados disponíveis atualmente, um estudo de músculos artificiais se seguiu, onde se observou a maior viabilidade do músculo artificial de SMA ativado eletricamente.Um protótipo de junta acionada por músculos artificiais foi desenvolvido e controlado via computador.Como resultado deste trabalho conclui-se que há ainda muito para ser desenvolvido na área de manipuladores antropomórficos, principalmente no que diz respeito aos músculos artificiais.",2026-10-05T10:37:47.388413+00:00,B
23f17c734a4485d4,openalex,Ctesibius float mechanism,External real time control of E.coli range expansion,https://doi.org/10.70675/069a7d6dz9a5cz43b7z8878z9f22dea8d250,Dimitrije Milunov,2023,academic_work,,"Contrôle externe en temps réel de l'expansion des colonies d'E.coli Les progrès de la microfluidique, de la technologie sensorielle et de la biologie synthétique et moléculaire ont permis l'émergence d'un nouveau domaine scientifique dans lequel les principes fondamentaux de la théorie du contrôle peuvent être appliqués pour contrôler et réguler de manière externe les bioprocessus cellulaires : la cybernétique. Jusqu'à présent, la cybernétique a été capable de contrôler avec succès des réseaux génétiques complexes, multi-stables et adaptatifs au niveau de la population et de la cellule unique, mais les défis du contrôle de systèmes biologiques de type multi-agent composés de multiples composants interactifs n'ont pas encore été relevés. Dans cette étude, nous nous sommes concentrés sur des colonies denses d'E. coli, semblables à des biofilms, qui ont été cultivées à l'intérieur d'un dispositif microfluidique multicouche dont la géométrie permet la croissance des colonies dans une seule direction. De même que pour les biofilms, il est largement connu que les colonies denses d'E.coli présentent des niveaux remarquables d'organisation spatiale qui sont la conséquence de l'interaction complexe entre les gradients nutritifs et chimiques et les interactions métaboliques entre les différentes couches de la colonie. Ces interactions rendent les colonies denses et les biofilms plus résistants aux traitements antimicrobiens, ce qui les rend difficiles à éradiquer. La question de savoir si et dans quelle mesure nous pouvons contrôler ce système de l'extérieur reste ouverte. Pour répondre à cette question, nous avons d'abord analysé quantitativement les modèles de croissance à l'intérieur de la colonie pour comprendre la dynamique du système. Nous avons utilisé trois stratégies différentes pour perturber la colonie et voir l'impact sur les modèles de croissance spatiale - la modulation de l'ARN polymérase par un promoteur inductible et la modulation biochimique des ressources cellulaires par des changements de nutriments et des antibiotiques. Comme les cellules ne sont pas mobiles, la vitesse d'invasion de la colonie peut être considérée comme un descripteur global de la dynamique de croissance spatiale de la colonie. En gardant cela à l'esprit, nous avons finalement utilisé la compréhension de la dynamique des systèmes, la connaissance de la réponse des colonies à divers stimuli et une plateforme de contrôle faite sur mesure pour contrôler de manière externe la vitesse d'invasion de la colonie.",2026-10-05T10:37:47.388486+00:00,B
fd662e6067a81cf6,crossref,Ctesibius float mechanism,Mechanism of Float Polishing,https://doi.org/10.1364/sop.1984.tuba2,Yoshiharu Namba,1984,proceedings-article,,,2026-10-05T10:37:47.944750+00:00,B
eaa7df5df371da39,crossref,Ctesibius float mechanism,Mechanism of Search and Float for Internal Merge,https://doi.org/10.1007/978-3-319-47304-8_2,Jun Abe,2016,book-chapter,,,2026-10-05T10:37:47.944846+00:00,B
1445c1cfbc901e0a,crossref,Ctesibius float mechanism,Float,https://doi.org/10.1093/gao/9781884446054.article.t2072032,Gordon Campbell,2008,reference-entry,,,2026-10-05T10:37:47.944862+00:00,B
6fda54f1574cd3bd,crossref,Ctesibius float mechanism,Float,https://doi.org/10.1007/springerreference_1523,,,reference-entry,,,2026-10-05T10:37:47.944880+00:00,B
ebfdf602ba50bea8,crossref,Ctesibius float mechanism,Float operated valves,https://doi.org/10.3403/00214933u,,,standard,,,2026-10-05T10:37:47.944894+00:00,B
cec93f5ade5e19b2,crossref,Ctesibius float mechanism,Float operated valves,https://doi.org/10.3403/00214945,,,standard,,,2026-10-05T10:37:47.944907+00:00,B
43cebd0f3fe22faf,crossref,Ctesibius float mechanism,The Limitation of Free Float and Safety Float and the Introduction of Composite Free Float and Composite Safety Float in CPM Network,https://doi.org/10.4028/www.scientific.net/amr.860-863.2962,Jian Xun Qi; Zhi Nan Kan,2013,journal-article,,,2026-10-05T10:37:47.944920+00:00,B
993449b2182c78bd,crossref,Ctesibius float mechanism,Transitioning Experienced General Care Float Pool Nurses to a Critical Care Float Pool,https://doi.org/10.4079/dnp2018.014,; Troy Betts,,dissertation,,,2026-10-05T10:37:47.944933+00:00,B
fa5b4daba24a60c7,crossref,Ctesibius float mechanism,Why Do Countries Float the Way They Float?,https://doi.org/10.18235/0010778,Ricardo Hausmann; Ugo Panizza; Ernesto H. Stein,2000,report,,,2026-10-05T10:37:47.944945+00:00,B
8a411092fe65470b,crossref,Ctesibius float mechanism,Float,https://doi.org/10.1007/springerreference_30343,,,reference-entry,,,2026-10-05T10:37:47.944957+00:00,B
2888ae196850a017,crossref,Ctesibius float mechanism,Float operated valves,https://doi.org/10.3403/00214933,,,standard,,,2026-10-05T10:37:47.944969+00:00,B
b1ce1ed02d831db4,crossref,Ctesibius float mechanism,Float,https://doi.org/10.1007/springerreference_5553,,,reference-entry,,,2026-10-05T10:37:47.944981+00:00,B
e66936ce40113059,crossref,Ctesibius float mechanism,FREE Float,https://doi.org/10.1007/springerreference_5566,,,reference-entry,,,2026-10-05T10:37:47.944993+00:00,B
46c6efcbef2dd855,crossref,Ctesibius float mechanism,Total float,https://doi.org/10.1007/springerreference_6251,,,reference-entry,,,2026-10-05T10:37:47.945005+00:00,B
21370623852215d2,crossref,Ctesibius float mechanism,Float operated valves,https://doi.org/10.3403/00250991,,,standard,,,2026-10-05T10:37:47.945016+00:00,B
d898f32456ee9ab9,crossref,Ctesibius float mechanism,Processing Float,https://doi.org/10.1007/springerreference_2245,,,reference-entry,,,2026-10-05T10:37:47.945027+00:00,B
043f11b830464db6,openalex,Ctesibius siphon clock,Microscopic traffic simulation and maneuver execution with multi-agent deep reinforcement learning,http://hdl.handle.net/1889/4047,Giulio Bacchiani,2020,academic_work,,"In questa tesi vengono fornite le basi, gli algoritmi ed alcuni esempi pratici per la realizzazione di un simulatore sintetico, i cui guidatori, seppur virtuali, sono in grado di seguire comportamenti complessi e hanno capacità di negoziazione, avvicinando quindi i comportamenti dei guidatori umani; inoltre, può essere assegnato a ciascun agente un differente comportamento, così che possa essere simulata anche la diversità nello stile di guida insita in ciascun individuo. Questo simulatore, che ha portato all'ideazione di un nuovo algoritmo multiagente di Deep Reinforcement Learning, è stato principalmente pensato per lo sviluppo di algoritmi di machine-learning il cui obiettivo è quello di essere efficienti nel mondo reale nonostante siano stati addestrati in simulazione. Nella seconda parte della tesi, infatti, questo simulatore viene utilizzato per lo sviluppo di un modulo di alto livello per l'esecuzione della manovra relativa all'inserimento in rotatoria da parte di un veicolo autonomo usando tecniche di Deep Reinforcement Learning, che sia in grado di interagire con altri utenti della strada e guidare il veicolo anche attraverso situazioni di traffico denso dove algoritmi classici porterebbero ad attese indefinite.",2026-10-05T10:37:48.842685+00:00,E
f35f0e8dc587d3ee,crossref,Ctesibius siphon clock,siphon recorder,https://doi.org/10.1007/springerreference_24969,,,reference-entry,,,2026-10-05T10:37:49.439831+00:00,B
4b2d446860571316,crossref,Ctesibius siphon clock,"Rice. 9. Drainage siphon-manometer, a — ductus hepaticus, b — duodenum, c — drainage-siphon, d — drainage-manometer.",https://doi.org/10.17816/kazmj80286-44912,,,component,,,2026-10-05T10:37:49.439852+00:00,B
aa6044a7871b606e,crossref,Ctesibius siphon clock,"National Siphon Effect: Theoretical Framework, Empirical Test in International Trade and Anti-Siphon Mechanism",https://doi.org/10.2139/ssrn.6574839,BOYA DENG,2026,posted-content,,,2026-10-05T10:37:49.439883+00:00,B
bcd32ba381b99562,crossref,Ctesibius siphon clock,Siphon,https://doi.org/10.1163/1574-9347_dnp_e1114090,,,dataset,,,2026-10-05T10:37:49.439900+00:00,B
bd252310293e4ff9,crossref,Ctesibius siphon clock,"siphon, n.",https://doi.org/10.1093/oed/8691677349,,2026,book-chapter,,,2026-10-05T10:37:49.439914+00:00,B
861b714770877ad0,crossref,Ctesibius siphon clock,Siphon,https://doi.org/10.1163/1574-9347_bnp_e1114090,,,dataset,,,2026-10-05T10:37:49.439927+00:00,B
d800e3312a81c795,crossref,Ctesibius siphon clock,"siphon, v.",https://doi.org/10.1093/oed/5253208777,,2023,book-chapter,,,2026-10-05T10:37:49.439939+00:00,B
b02f80fcf6424e09,crossref,Ctesibius siphon clock,TINJAUAN KEMBALI DISAIN SIPHON BARU CIBEET DI BTB 23/ PENGGANTIAN BARREL SIPHON BETON KE PIPA HDPE (Revised Design for New Cibeet Siphon at BTb.23/Replacement of The Reinforced Concrete Siphon Barrel Structure to HDPE Pipe),https://doi.org/10.37721/kalibrasi.v12i0.347,"Indra Budi, Welli Juli Putra Gea, dan Silviati",2018,journal-article,,,2026-10-05T10:37:49.439952+00:00,B
940905269353a7c4,crossref,Ctesibius siphon clock,"siphon-, comb. form",https://doi.org/10.1093/oed/2015415741,,2025,book-chapter,,,2026-10-05T10:37:49.439965+00:00,B
e27a317682af1ab7,crossref,Ctesibius siphon clock,"Würtemberg siphon, n.",https://doi.org/10.1093/oed/5758200404,,2023,book-chapter,,,2026-10-05T10:37:49.439978+00:00,B
bfa8c621044959d3,crossref,Ctesibius siphon clock,Spill-SOS: Self-Pumping Siphon-Capillary Oil Recovery,https://doi.org/10.1021/acsnano.9b05703.s001,,,component,,,2026-10-05T10:37:49.439992+00:00,B
2be3a4118ad08801,crossref,Ctesibius siphon clock,Siphon downflow hanging sponge (Siphon-DHS) reactor with an influent bypass system for improved simultaneous nitrification–denitrification efficiency,https://doi.org/10.2139/ssrn.5472274,Shehani Maheepala; Masashi Hatamoto; Takahiro Watari; Takashi Yamaguchi,2025,posted-content,,,2026-10-05T10:37:49.440008+00:00,B
54d619ecd51b6a50,crossref,Ctesibius siphon clock,Siphon Downflow Hanging Sponge (Siphon-Dhs) Reactor with an Influent Bypass System for Improved Simultaneous Nitrification–Denitrification Efficiency,https://doi.org/10.2139/ssrn.5314721,Shehani Maheepala; Masashi Hatamoto; Takahiro Watari; Takashi Yamaguchi,2025,posted-content,,,2026-10-05T10:37:49.440027+00:00,B
8bc70dfced6dd782,crossref,Ctesibius siphon clock,"thermo-siphon, n.",https://doi.org/10.1093/oed/8773943800,,2023,book-chapter,,,2026-10-05T10:37:49.440043+00:00,B
58be9233c1f0f7c8,crossref,Ctesibius siphon clock,Siphon,https://doi.org/10.1007/0-306-48380-7_3926,,,book-chapter,,,2026-10-05T10:37:49.440055+00:00,B
f7f65199e017ac3f,crossref,Ctesibius siphon clock,Siphon Barometer,https://doi.org/10.1002/0471743984.vse9745,,2007,other,,,2026-10-05T10:37:49.440068+00:00,B
e61bcc2e40a0297d,openalex,Ctesibius hydraulic regulator,"Roadmap on soft robotics: multifunctionality, adaptability and growth without borders",https://doi.org/10.1088/2399-7532/ac4c95,Barbara Mazzolai; Alessio Mondini; Emanuela Del Dottore; Laura Margheri; Federico Carpi; Koichi Suzumori; Matteo Cianchetti; Thomas Speck; Stoyan K. Smoukov; Ingo Burgert; Tobias Keplinger; Gilberto De Freitas Siqueira; Félix Vanneste; Olivier Goury; Christian Duriez; Thrishantha Nanayakkara; Bram Vanderborght; Joost Brancart; Seppe Terryn; Steven I. Rich; Ruiyuan Liu; Kenjiro Fukuda; Takao Someya; Marcello Calisti; Cecilia Laschi; Wenguang Sun; Gang Wang; Li Wen; Robert L. Baines; Sree Kalyan Patiballa; Rebecca K. Kramer-Bottiglio; Daniela L. Rus; Peer Fischer; Friedrich Christian Simmel; Andreas Lendlein,2022,academic_work,,"Abstract Soft robotics aims at creating systems with improved performance of movement and adaptability in unknown, challenging, environments and with higher level of safety during interactions with humans. This Roadmap on Soft Robotics covers selected aspects for the design of soft robots significantly linked to the area of multifunctional materials, as these are considered a fundamental component in the design of soft robots for an improvement of their peculiar abilities, such as morphing, adaptivity and growth. The roadmap includes different approaches for components and systems design, bioinspired materials, methodologies for building soft robots, strategies for the implementation and control of their functionalities and behavior, and examples of soft-bodied systems showing abilities across different environments. For each covered topic, the author(s) describe the current status and research directions, current and future challenges, and perspective advances in science and technology to meet the challenges.",2026-10-05T10:37:50.374948+00:00,B
d5977e94e5457d91,openalex,Ctesibius hydraulic regulator,Optimal PID settings for first and second-order processes - Comparison with different controller tuning approaches,http://hdl.handle.net/11250/2413335,Iosif S. Pappas,2016,academic_work,,"PID controllers are extensively used in industry. Although many tuning methodologies exist, finding good controller settings is not an easy task and frequently optimization-based design is preferred to satisfy more complex criteria. In this thesis, the focus was to find which tuning approaches, if any, present close to optimal behavior.\n\nPareto-optimal controllers were found for different first and second-order processes with time delay. Performance was quantified in terms of the integrated absolute error, while robustness was defined as the maximum peak of the sensitivity function. Ideal PID controllers were used to create SIMC, K-SIMC and optimal tuning curves. As for the FOPTD, the SIMC performed close to the optimal for the whole robustness region. On the other hand, the K-SIMC settings performed well and outperformed the SIMC at the less robust region. That is due to the fact, that the K-SIMC rules suggest a PI controller for small values of the sensitivity peak. When it comes to the SOPTD, the SIMC and the K-SIMC were almost identical performance-wise. However, when the time delay is relatively small the I-SIMC tunings should be chosen. If higher-order models are required to be approximated as a first or second-order process with time delay, the half rule approximations achieved superior results when compared to the K-SIMC approximations. \n\n\nFurthermore, SIMC, K-SIMC and optimal controllers were found for a given process and for specified robustness. The K-SIMC rules suggested a PI controller, instead of the PID controllers which were suggested by the other two tuning approaches. The controllers were applied to models, which had slightly different characteristics than the original process. The PI controller handled a wider variety of processes. However, similar results would have been derived for a PI SIMC or for an optimal PI controller.\n\n\nIn addition, two other tuning approaches were investigated. Firstly, the Syrcos & Kookos settings were found and compared with the optimal and the SIMC. The former methodology showcased very satisfactory results, which could be proven to be more beneficial than the SIMC for processes with relatively large time delay. Secondly, the MATLAB Tuning Toolbox was used to find balanced controllers, in terms of performance and robustness. First and second-order processes with varying time delay values were examined. Although the Tuning Toolbox presented acceptable results, it should not be used for small time delay values due to the low proportional gain and the absence of derivative action of the controller.\n\n\nFinally, optimal, SIMC and K-SIMC controllers were tested on the thermal/optimal plant uDAQ28/LT, where only the temperature was the measured variable. The process was approximated as an integrating process and due to the high input usage and the small compensation from the use of derivative action, a PI controller is the most advantageous available choice.",2026-10-05T10:37:50.374984+00:00,E
1467814325ce12de,openalex,Ctesibius hydraulic regulator,"The effects of centrifugal blowers, control valves, attenuating devices and reservoir resonance on organ pipe flutter",http://usir.salford.ac.uk/id/eprint/49776/7/Alan%20J%20Taylor%20Thesis%20Final_Red.pdf,A. T. Taylor,2019,academic_work,,"The aim of this research is to investigate the noticeable organ pipe flutter that may, under certain conditions, exist on a sounding organ pipe. The effectiveness of a pipe organ wind system is notoriously difficult to predict. For many years pipe organ builders have been aware of organ pipe flutter and several have tried to address the problem with little success. For pureness of tone it is important that the wind system is perfectly steady and without any imperfections that may cause organ pipe flutter. A survey of 83 UK pipe organs, was conducted by 8 organ tuners, confirms that 57% of the pipe organs surveyed had organ pipe flutter. Organ pipe flutter is particularly noticeable when tuning pipework or playing single notes. During this condition there is “no flow” in the duct connecting the blower to the reservoir. Using a specially constructed test apparatus, built from pipe organ components, this research examines the conditions necessary to produce organ pipe flutter, and how organ pipe flutter may be eliminated. Employing a microphone to measure a sounding test organ pipe and an accelerometer to measure the vibration of a reservoir top, various pipe organ wind system elements are examined and correlated with the excitation and attenuation of the reservoir top vibration and organ pipe flutter. The reservoir acts as a mass spring system. For weighted wind systems the mechanical mass, which may exceed 100kgs, is the dominant factor. For sprung reservoir wind systems, the mass is approximately 25% of that for a weighted system and is less dominant. Results indicate that under certain conditions, the blower excites the reservoir at its natural resonant frequency with sufficient amplitude to cause unwanted amplitude modulation on a sounding organ pipe. Results are systematically presented for weighted and sprung reservoir wind systems, organ blowers and the effects of blade frequencies, reservoir control valves, and attenuating devices inserted between the blower and the reservoir, to determine their effect on reservoir top vibration and the development of organ pipe flutter. With this knowledge, the pipe organ builder will be able to build pipe organs with improved wind systems and flutter free pipework.",2026-10-05T10:37:50.375028+00:00,E
20e966c24999092d,openalex,Ctesibius hydraulic regulator,Microfluidic Reduction of Osmotic Stress in Oocyte and Zygote Vitrification.,http://hdl.handle.net/2027.42/107056,David Lai,2014,academic_work,,"Microfluidic cryoprotectant exchange enables vitrification of murine zygotes with superior morphology as indicated by a smoother cell surface and higher developmental competence compared to conventional methods. Bovine oocyte vitrification also benefit as evidenced by higher lipid retention. Experimental observations and mathematical analysis demonstrate that the microfluidic advantage arise predominantly from eliminating high shrinkage rates associated with abrupt and uneven exposure to vitrification solutions that readily occur in current manual protocols. The microfluidic cryoprotectant exchange method described has immediate applications for improving animal and human oocyte, zygote, and embryo cryopreservation. On a fundamental level, the clear demonstration that at the same minimum cell volume, cell shrinkage rate affects sub-lethal damage should be broadly useful for cryobiology.",2026-10-05T10:37:50.375079+00:00,E
7785f0f5ce6600d5,openalex,Ctesibius hydraulic regulator,"Formation of professional and pedagogical competence and development of professional skills of specialists in the field of preschool, primary, general secondary and higher education with integration into the European educational space:",https://doi.org/10.58246/wbyr8598,,2024,academic_work,,"In the context of dynamic changes in all spheres of public life, including education, new requirements are being put forward for the professional competencies of teachers of all levels, from preschool and primary to general secondary, vocational pre-secondary, vocational and higher education. At the same time, the conditions of uncertainty and challenges of our time require not only professional skills, but also cross-cutting (transversal) competencies that allow teachers to succeed both in their professional activities and in everyday life. Accordingly, the issue of finding innovative ways to improve pedagogical skills and develop professional and pedagogical competencies of educational service providers and ensuring conditions for their continuous professional development is becoming more relevant. One of the ways of continuous professional development of teachers is the study and creative implementation of positive conceptual ideas and achievements of foreign experience in the practice of domestic educational institutions. Ukraine's European integration has opened wide opportunities for the internationalization of education and the organization of international cooperation between Ukrainian and Polish higher education institutions, primarily the development of academic mobility of academic staff to study the best achievements of Polish experience in providing quality educational services to students at different levels of the educational system. The combination in the collective monograph of the main aspects and modern scientific and theoretical approaches to the actual problems of education and development of preschoolers; students of primary, basic and senior school education; students of institutions of professional pre-higher and higher education creates an opportunity to understand the holistic perception of the continuity of education. In particular, the monograph raises the issues of analyzing the provision of adequate motor experience of preschool children in the modern educational process; the main pedagogical means of forming the national and linguistic personality of a preschool child; upbringing of preschool children in the conditions of the information society; methodological aspects of the introduction of lego technologies as a means of developing constructive modeling activities of preschool children; the potential of visual technologies in correctional work with preschool children with severe speech disorders; peculiarities and specifics of social development of children of senior preschool age with hearing impairment. The authors draw attention to the methodological aspects of collective play as a means of positive social adaptation of first-graders to school conditions; models of developing creativity of primary school students in English lessons using the method of collective learning; the use of cognitive-emotional tasks and environmental games in the formation of environmentally appropriate 7 behavior of primary school students; formation of a healthy lifestyle of primary school students using health technologies. Important are the analysis of the use of media literature as a subject of research and a project forming definition in an educational research and pedagogical project; organization of communication activities as a means of forming speech competence; technology of education of intellectually gifted students in out-of-school education institutions; psychological well-being as a factor in the academic performance of students of higher education institutions; dynamics of social pedagogy development in Ukraine; development of social creativity of future social workers; the potential of event technologies in the process of forming the corporate culture of higher education students; professional training of future vocational teachers in the context of digitalization of education; the use of multimedia in the training of future teachers for environmental and valeological education of preschool children; development of emotional intelligence of future primary school teachers; peculiarities of trust in adolescent students; implementation of a student-centered approach in higher education; teaching of natural sciences in the system of distance education; formation of engineering thinking in historical retrospect; theoretical and methodological aspects of the formation of professional, pedagogical, and communicative competence at the undergraduate level and development of professional skills of specialists in the process of postgraduate education. The practical implementation of the integration of Polish-Ukrainian cooperation into the European educational space took place thanks to the international internship of Ukrainian research and teaching staff at the International Academy of Applied Sciences in Łomża, the results of which are also highlighted in the presented monograph on the basis of scientific approaches, analysis of scientific sources, personal observations and professional experience.",2026-10-05T10:37:50.375103+00:00,B
9a23b9afe62549a4,crossref,Ctesibius hydraulic regulator,Fig. 3. Principle hydraulic diagram of the electrically controlled regulator.,https://doi.org/10.17816/0321-4443-375295-2308658,,,component,,,2026-10-05T10:37:50.999141+00:00,B
ce47840bbe7c0085,crossref,Ctesibius hydraulic regulator,Regulator for Hydraulic Rams,https://doi.org/10.1038/scientificamerican10261850-44a,,1850,journal-article,,,2026-10-05T10:37:50.999168+00:00,B
c18bb88641ad33c6,crossref,Ctesibius hydraulic regulator,Pitcher's Hydraulic Motion Regulator,https://doi.org/10.1038/scientificamerican08111849-369f,,1849,journal-article,,,2026-10-05T10:37:50.999183+00:00,B
cc5f4d8250e4453f,crossref,Ctesibius hydraulic regulator,MATHEMATICAL MODELING OF THE DYNAMIC PERFORMANCE OF A PNEUMATIC ACTUATOR WITH A PROPORTIONAL PRESSURE REGULATOR,https://doi.org/10.20998/2411-3441.2026.1.03,Mariana Stryzhak; Reshad Hasanov,2026,journal-article,,,2026-10-05T10:37:50.999198+00:00,B
ca4024bd4e86421d,crossref,Ctesibius hydraulic regulator,Theoretical studies and mathematical model of the gate opening time on the hydraulic model of the water level regulator,https://doi.org/10.32347/2524-0021.2025.51.4-11,Oleksandr Bohush,2025,journal-article,,,2026-10-05T10:37:50.999222+00:00,B
a2ba7990b5bc1874,crossref,Ctesibius hydraulic regulator,HYDRAULIC SYSTEM AND HYDRAULIC ACTUATORS WITH THE AUTOMATIC REGULATOR OF THE LIQUID CONSUMPTION AND RESEARCH OF THEIR FUNCTIONING,https://doi.org/10.52261/02346206_2022_2_51,Farit Davletovich Bairamov; Bulat Faritovich Bairamov,2022,journal-article,,,2026-10-05T10:37:50.999235+00:00,B
851d7e5ede08d35e,crossref,Ctesibius hydraulic regulator,Air column of pressure hydrocyclone with pneumatic regulator,https://doi.org/10.32347/2524-0021.2021.36.4-10,Yuri Kopanytsia,2021,journal-article,,,2026-10-05T10:37:50.999248+00:00,B
811942f234969765,crossref,Ctesibius hydraulic regulator,"Hydraulic Fracturing 101: What Every Representative, Environmentalist, Regulator, Reporter, Investor, University Researcher, Neighbor, and Engineer Should Know About Hydraulic Fracturing Risk",https://doi.org/10.2118/0412-0034-jpt,George E. King,2012,journal-article,,,2026-10-05T10:37:50.999262+00:00,B
1147dddf0bd5b584,crossref,Ctesibius hydraulic regulator,Switching Multi-regulator Control of Electro-Hydraulic Servo System,https://doi.org/10.1109/icai63388.2024.10851670,Georgi Mihalev; Stanimir Yordanov; Krasimir Ormandzhiev,2024,proceedings-article,,,2026-10-05T10:37:50.999275+00:00,B
ba3b0f611a679d87,crossref,Ctesibius hydraulic regulator,Impacts of multi-gate regulator operation schemes on local scour downstream,https://doi.org/10.1080/09715010.2018.1511386,Hamdy Elsayed; Esam Helal; Moustafa El-Enany; Mohamed Sobeih,2018,journal-article,,,2026-10-05T10:37:50.999288+00:00,B
87ef451e4c40de22,crossref,Ctesibius hydraulic regulator,"Hydraulic Fracturing 101: What Every Representative, Environmentalist, Regulator, Reporter, Investor, University Researcher, Neighbor and Engineer Should Know About Estimating Frac Risk and Improving Frac Performance in Unconventional Gas and Oil Wells.",https://doi.org/10.2118/152596-ms,George E. King,2012,proceedings-article,,,2026-10-05T10:37:50.999302+00:00,B
eade1e22a227b7fa,crossref,Ctesibius hydraulic regulator,Hydraulic automatic regulator of level with flexible working bodies,https://doi.org/10.1051/e3sconf/202126403039,Mukaddas-Gaukhar Kadirova,2021,journal-article,,,2026-10-05T10:37:50.999330+00:00,B
7cf1206dc109a6cf,crossref,Ctesibius hydraulic regulator,Research into the flow regulator of the hydraulic power steering,https://doi.org/10.53078/20778481_2010_3_15,V.I. Mrochek; T.V. Mrochek; S.V. Rozov,2010,journal-article,,,2026-10-05T10:37:50.999342+00:00,B
a764d323967fc51d,crossref,Ctesibius hydraulic regulator,Investigation of a Hydraulic System with a Flow Regulator,https://doi.org/10.1109/icieam69213.2026.11549631,Vladimir Antonenko; Vyacheslav Grishchenko; Elena Kolganova,2026,proceedings-article,,,2026-10-05T10:37:50.999355+00:00,B
e809e05a16d178b3,crossref,Ctesibius hydraulic regulator,Design of a Nonlinear Position Regulator for Cooperating Hydraulic Manipulators Handling a Rigid Object,https://doi.org/10.1115/imece2004-61241,Hairong Zeng; Nariman Sepehri,2004,proceedings-article,,,2026-10-05T10:37:50.999368+00:00,B
495054abed8584e0,openalex,Ctesibius water pressure regulation,Evolution of Water Technologies and Corresponding Philosophy and Sciences Focusing on the Hellenic World through the Millennia,https://doi.org/10.3390/w14193149,Andreas N. Angelakιs; Jens Krasilnikoff; Vasileios A. Tzanakakis,2022,academic_work,,"In this review, hydro-technological advancements in the Hellenic world throughout the millennia are considered in relation to the scientific developments and perceptions of the natural world articulated by Greek thinkers. Starting with the advanced hydro technologies of the Minoan civilization, this review presents the state-of-the-art evaluation of the hydro technologies in Greek historical contexts. More precisely, this review focus on how, when, and where modern hydro technologies developed based on ancient technological achievements, and subsequently when technological achievements were totally forgotten in specific periods, such as the Iron Age (ca 1200–800 BC), only to be reinvented or rediscovered in subsequent periods. In most cases, information has been collected from different sources and was cross-matched with each other. The results observed from the literature and material evidence are compiled and presented in the form of a critical review study. With a few examples, comparisons to hydrologic and hydraulic developments in other civilizations are considered and discussed.",2026-10-05T10:37:51.876406+00:00,B
73261890b556beb1,openalex,Ctesibius water pressure regulation,Impedance Control of Redundant Manipulators,https://trepo.tuni.fi//handle/10024/114492,Ali Muhammad,2011,academic_work,,"This thesis presents research work related to the impedance control of redundant manipulators. The main goal is to study the effects of redundancy on the dynamic behaviour of manipulators. Firstly, theoretical developments related to redundancy, dynamics and impedance control are presented in general form without restriction to any particular manipulator. The purpose is to keep the findings useful for other developments and continue the research on a wider scale. Later, the Water Hydraulic MANipulator (WHMAN), which consists of redundant degrees of freedom, is used for simulations and experiments. WHMAN is developed at the Department of Intelligent Hydraulics and Automation at Tampere University of Technology (IHA/TUT). The purpose of this manipulator is to provide assistance during the ITER divertor maintenance and it requires position and force control during these operations.\nThe analytical model of WHMAN in the form of state space equations is used for mathematical analysis and numerical verification. The verified simulation model is used for the development and verification of controllers. The position controllers of the joints are developed using a linearized model and then fine-tuned using a nonlinear model and the actual manipulator. The results show that models of WHMAN can be utilized for control design and further study.\nBoth position-based and equivalent force-based implementations of impedance controller were tested with the simulation model of WHMAN. The simulation results showed unstable behaviour of the manipulator for equivalent force-based implementation. Therefore only the position-based implementation was used in the experiments. The results show that, in the absence of linear mapping between joint-space and operational-space, the development of equivalent force-based impedance controller is not straightforward and requires separate design for the inner-loop force controller.\nThe theoretical, simulation and experimental results show that the existence of redundant degrees of freedom can result in improving the dynamic performance of a manipulator and thus the impedance regulation capabilities.",2026-10-05T10:37:51.876487+00:00,B
272552cc73e18746,openalex,Ctesibius water pressure regulation,Working miracles in ancient Alexandria: Hero and his writings,https://doi.org/10.1007/s11016-025-01054-3,Markus Asper,2025,academic_work,,"Hero of Alexandria, likely a contemporary of the Roman emperor Nero, is one of the many ancient Greek authors whose work, for us, represents a whole tradition of ancient thought-in this case, mechanics.Anyone who has ever ventured into the five stately Teubner volumes collecting his writings (plus a halo of fragments and an extensive Near Eastern transmission) has, however, perhaps experienced a certain feeling of being helpless in the vast expanse of texts mostly starring tubes, wheels, diagrams, and numbers.Now there is relief.In The Mechanical Tradition of Hero of Alexandria, Courtney Ann Roby provides us with, as far as I can see, the first monographic guide to the Corpus Heronicum.Roby describes the corpus as ""a system of interlocking information flows"" (17), which is a fitting image for the corpora of a number of ancient authors, including the medical author Galen and the geographer Strabo (and certainly too for the book under review).Roby's book is divided into three parts.The first (Chaps.2-3) explores how Hero presents and solves technical problems, drawing from a long tradition that he transforms and codifies for intellectual engineers at least up to the Renaissance.The second part (Chap.4) is structured as a thought experiment.Roby hypothetically imagines three historical contexts-Ptolemaic, Early Roman, and later Imperial Alexandriaand explores which aspects of Hero's corpus would align with each of these settings.This experimental framework enables Roby to engage with the entire tradition of Greek theoretical mechanics and applied mathematics.The third part (Chap.5) offers a succinct survey of Hero's impact on the Renaissance and the seventeenth century, tracing his works and concepts through a beautiful stream of names, places, and baroque frontispieces.",2026-10-05T10:37:51.876513+00:00,A
5928b1c79217abc7,openalex,Ctesibius water pressure regulation,Fluid Power Pumps and the Electrification : With a Focus on Discrete Displacement Control in Load Handling Applications,https://doi.org/10.3384/lic.diva-165795,Samuel Kärnell,2020,academic_work,,"More and more vehicles are being electrified.Mobile working machines and heavy trucks are not excluded, and these machines are often hydraulically intense.Electrification entails new requirements for the hydraulic system and its components, and these requirements must be taken into consideration.Hydraulic systems have looked similar for a long time, but now there is an opportunity to advance.Many things change when a diesel engine is replaced with an electric motor.For example, variable-speed control becomes more relevant, electric regeneration becomes possible, and the use of multiple prime movers becomes an attractive alternative.The noise from the hydraulic system will also be more noticeable when the diesel engine is gone.Furthermore, the introduction of batteries to the system makes the energy more valuable, since batteries are heavy and costly compared to a diesel tank.Therefore, it is commercially viable to invest in the hydraulic system.This thesis revolves around the heart of the hydraulic system, that also is the root of all evil.That is the pump.Traditionally, a pump has had either a fixed displacement or a continuously variable displacement.Here, the focus is on something in between, namely a pump with discrete displacement.The idea of discrete displacement is far from unique, but has not been investigated in detail in combination with variable speed before.In this thesis, a novel design for a quiet pump with discrete displacement is presented and analysed.The results show that discrete displacement is relevant from an energy perspective for machines working extensively at high pressure levels and with low flow rates, and that a few discrete values are enough to make a significant difference.However, for other cycles, the possible energy gains are very limited, but the discrete displacement can be a valuable feature if downsizing the electric machine is of interest.",2026-10-05T10:37:51.876569+00:00,B
9ddea008c11fc9b9,openalex,Ctesibius water pressure regulation,"It's Instrumental, My Dear Watson: A Collective Investigation of Early Instrumental Practices",https://digitalcommons.cedarville.edu/music_and_worship_student_publications/7,Jillissa A. Brummel; Nate Chester; Joshua Drake; Janelle Finley; Josiah D. Keith; Jonathan Lyons; Sarah R. Plumley; Kirsten Saur; Rachel Stevenson,2016,academic_work,,"From early ritual dances to modern Hip Hop and Jazz, dance music has been part of the foundation for musical art in world history and the key to unlocking information concerning societal atmospheres throughout history.With each age and progression of music came new genres, instruments and social beliefs that were woven through religious and secular culture, each of which impacted the production of dance throughout the centuries.Therefore, the art of music has seen much diversity and change throughout history, causing each individual dance genre to be created and shaped into a product fitting for the time.Because dance music gained historical importance since the medieval period, its rapid progression through oral tradition, religious tradition, and social environments reached new heights in the social and musical life from medieval times though the Renaissance period.The evolution of dance can be traced back to the Stone Age, but the progression of dance music in the medieval period can be picked up around the thirteenth century.When dealing with the development of dance music, it is crucial for understanding worldwide culture to exam the history of dance music in western civilization because the center of dance music history resides in the historical development of western music.Dance music can be put into two categories: sacred and secular.While, most dances in this period are secular, the church traditions had significant impact on the regulation of dance music.Music is commonly understood as the universal language and movement of the body is also a form of communication.Body movement accompanied with music can be very meaningful to fulfill a purpose, but the medieval church did not agree with this and disregarded dance as a sacred action.Melissa Hudler states in her article,",2026-10-05T10:37:51.876628+00:00,E
01dbea479726a795,openalex,Ctesibius water pressure regulation,Mechanical Wits Used in the America Colonization: Engineering Assessment,https://doi.org/10.1007/s10699-022-09877-7,Rubén Dorado-Vicente; Rafael López García; Juan Manuel Quero-Nieves; Gustavo Medina-Sánchez,2022,academic_work,,"Abstract The first European settlements in the new world faced technical issues with the help of the XVI century scientific advances. Besides briefly exposing the scientific and technological situation, this paper explores, with the help of reverse engineering, two singular mechanical wits representative of the technological advances introduced in America to overcome different problems. Firstly, a pump, based on an alternative movement system through crankshafts and pistons used against the continuous flooding suffered in the Ciudad de México valley. Although flooding remained a problem (it was solved in the XX century), hydraulic pumps were essential for continuous soil drainage. Secondly, a port crane for handling cannons, military devices, and construction materials during the Lima fortification in the XVII century. For both cases, reverse engineering, through engineering methods, Computer-Aided Design CAD programs, and additive manufacturing, provides virtual and/or tangible mockups that help to analyze and improve our knowledge about the dimensions, materials, and functions of used (and currently lost) mechanical systems during the American colonization.",2026-10-05T10:37:51.876661+00:00,B
6ed3c71195e5bf7e,openalex,Ctesibius water pressure regulation,A New Radically Improved Model of the Circulation With Important Clinical Implications,https://doi.org/10.47829/ajsccr.2020.2601,Chris B. Wolff; Green DW; Julian F. R. Paton; Collier Dj,2020,academic_work,,,2026-10-05T10:37:51.876804+00:00,B
dedb6c88c7a815ba,openalex,Ctesibius water pressure regulation,Between Understanding and Control: Science as a Cultural Product,https://doi.org/10.1007/s10699-024-09960-1,Flavio Del Santo,2024,academic_work,,"Abstract Since the early days of humankind, people have been asking questions about Nature of two kinds: why did that happen? And how can that be used? In a broad sense, science was born that day. We show indeed that science has two complementary and interdependent souls that aim, respectively, to how to understand and how to control Nature. Through a broad historical analysis, this essay aims to (1) give an account of the development of science as an oscillation and an interplay between its two intrinsic natures, (2) demonstrate that this happened already in ancient times starting from the 6th century BC, and (3) the fact that in different periods one of the two natures was largely favored over the other is a consequence of science being a cultural product of the different social-historical contexts.",2026-10-05T10:37:51.876819+00:00,B
a877877f8e3607cd,crossref,Ctesibius water pressure regulation,Pressure Regulation vs. Water Aging in Water Distribution Networks,https://doi.org/10.3390/w12051323,Menelaos Patelis; Vasilis Kanakoudis; Anastasia Kravvari,2020,journal-article,,,2026-10-05T10:37:52.402867+00:00,B
25de05a1aaba5163,crossref,Ctesibius water pressure regulation,Electric power generation via pressure regulation in water distribution systems,https://doi.org/10.12681/eadd/59019,Άδμητος Μπιδέρης-Δάβος,,dissertation,,,2026-10-05T10:37:52.402888+00:00,B
57dffd097ac14f3c,crossref,Ctesibius water pressure regulation,Optimal Pressure Regulation in Water Distribution Systems Based on an Extended Model for Pressure Reducing Valves,https://doi.org/10.1007/s11269-016-1223-z,Pham Duc Dai; Pu Li,2016,journal-article,,,2026-10-05T10:37:52.402906+00:00,B
25a97087a0016786,crossref,Ctesibius water pressure regulation,Frequency pressure regulation in water supply systems,https://doi.org/10.2166/ws.2013.088,Ivan Halkijevic; Zivko Vukovic; Drazen Vouk,2013,journal-article,,,2026-10-05T10:37:52.402931+00:00,B
c545eea232a1a523,crossref,Ctesibius water pressure regulation,Internalizing Externalities through Public Pressure: Transparency Regulation for Fracking and Water Quality,https://doi.org/10.3386/w30842,Pietro Bonetti; Christian Leuz; Giovanna Michelon,2023,report,,,2026-10-05T10:37:52.402944+00:00,B
6ca346a1a8bd9eec,crossref,Ctesibius water pressure regulation,Internalizing Externalities through Public Pressure: Transparency Regulation for Fracking and Water Quality,https://doi.org/10.2139/ssrn.4171246,Pietro Bonetti; Christian Leuz; Giovanna Michelon,2026,posted-content,,,2026-10-05T10:37:52.402958+00:00,B
e6b972d348b6a558,crossref,Ctesibius water pressure regulation,Internalizing Externalities through Public Pressure: Transparency Regulation for Fracking and Water Quality,https://doi.org/10.2139/ssrn.4328692,Pietro Bonetti; Christian Leuz; Giovanna Michelon,2023,posted-content,,,2026-10-05T10:37:52.402971+00:00,B
4183ab85c3b0ed9d,crossref,Ctesibius water pressure regulation,"Internalizing Externalities through Public Pressure: Transparency Regulation for Fracking, Drilling Activity and Water Quality",https://doi.org/10.2139/ssrn.4325035,Pietro Bonetti; Christian Leuz; Giovanna Michelon,2023,posted-content,,,2026-10-05T10:37:52.402993+00:00,B
f4cda0f2aaa8dccc,crossref,Ctesibius water pressure regulation,Internalizing Externalities through Public Pressure: Transparency Regulation for Fracking and Water Quality,https://doi.org/10.67929/ecgi-law-676-2023,Pietro Bonetti; Christian Leuz; Giovanna Michelon,2023,posted-content,,,2026-10-05T10:37:52.403007+00:00,B
f717e6d9d8459d70,crossref,Ctesibius water pressure regulation,The Surge Tank in Water Power Plants: A Device for Aid in Speed Regulation and Pressure Relief in Water Powers With Long Pressure Pipes and High Velocities,https://doi.org/10.1115/1.4060280,Raymond D. Johnson,1908,journal-article,,,2026-10-05T10:37:52.403019+00:00,B
0af63ffbe5e5d997,crossref,Ctesibius water pressure regulation,HYPER: Computer-Assisted Optimal Pump-as-Turbine (PAT) Selection for Microhydropower Generation and Pressure Regulation in a Water Distribution Network (WDN),https://doi.org/10.3390/w15152807,Gustavo Marini; Francesco Di Menna; Marco Maio; Nicola Fontana,2023,journal-article,,,2026-10-05T10:37:52.403032+00:00,B
ccba741e6740231f,crossref,Ctesibius water pressure regulation,Efficient Optimization of Pressure Regulation in Water Distribution Systems Using a New-Relaxed Pressure Reducing Valve Model,https://doi.org/10.15625/2525-2518/56/4/10571,Dai Duc Pham,2018,journal-article,,,2026-10-05T10:37:52.403046+00:00,B
3fa5266c0e957a08,crossref,Ctesibius water pressure regulation,Optimal Placement and Regulation of Pressure Reducing Valves in Water Distribution Systems to Water Leakage Reduction,https://doi.org/10.1109/ecai52376.2021.9515075,Pham Duc Dai,2021,proceedings-article,,,2026-10-05T10:37:52.403059+00:00,B
3823e2065506c18b,crossref,Ctesibius water pressure regulation,Co-optimization of power and water distribution systems for simultaneous hydropower generation and water pressure regulation,https://doi.org/10.1016/j.egyr.2024.02.041,Admitos A. Bideris-Davos; Panagis N. Vovos,2024,journal-article,,,2026-10-05T10:37:52.403072+00:00,B
0c81063d7e7a542c,crossref,Ctesibius water pressure regulation,A deeper dip? Hot‐water immersion and nocturnal blood pressure regulation,https://doi.org/10.1113/ep093711,Brendon H. Roxburgh; Kate N. Thomas,2026,journal-article,,,2026-10-05T10:37:52.403087+00:00,B
ddd6969d16a827d1,crossref,Ctesibius water pressure regulation,"&lt;div&gt;
 Internalizing Externalities through Public Pressure: Transparency Regulation for Fracking and Water Quality
&lt;/div&gt;",https://doi.org/10.2139/ssrn.4959265,Pietro Bonetti; Christian Leuz; Giovanna Michelon,2024,posted-content,,,2026-10-05T10:37:52.403103+00:00,B
0718d9d5063e8b3c,openalex,Ctesibius gears clock,The Antikythera Mechanism: The oldest mechanical universe in its scientific milieu,https://doi.org/10.1017/s1743921311002225,Xenophon Moussas,2009,academic_work,,"Abstract In this review the oldest known advanced astronomical instrument and dedicated analogue computer is presented, in context. The Antikythera Mechanism a mysterious device, assumed to be ahead of its time, probably made around 150 to 100 BCE, has been found in a 1st century BCE shipwreck near the island of Antikythera in a huge ship full of Greek treasures that were on their way to Rome. The Antikythera Mechanism is a clock-like device made of bronze gears, which looks much more advanced than its contemporary technological achievements. It is based on mathematics attributed to the Hipparchus and possibly carries knowledge and tradition that goes back to Archimedes, who according to ancient texts constructed several automata, including astronomical devices, a mechanical planetarium and a celestial sphere. The Antikythera Mechanism probably had a beautiful and expensive box; looking possibly like a very elaborate miniature Greek Temple, perhaps decorated with golden ornaments, of an elegant Hellenistic style, even perhaps with automatic statuettes, ‘daemons’, functioning as pointers that performed some of its operations. Made out of appropriately tailored trains of gears that enable to perform specialised calculations, the mechanism carries concentric scales and pointers, in one side showing the position of the Sun in the ecliptic and the sky, possibly giving the time, hour of the day or night, like a clock. The position of the Moon and its phase is also shown during the month. On the other side of the Mechanism, having probably the size of a box (main part 32×20×6 cm), are two large spiral scales with two pointers showing the time in two different very long calendars, the first one concerning the eclipses, and lasting 18 years 11 days and 8 hours, the Saros period, repeating the solar and lunar eclipses, and enabling their prediction, and the 19 year cycle of Meton, that is the period the Moon reappears in the same place of the sky, with the same phase. An additional four-year dial shows the year of all Greek Festivities, the so-called ‘games’ (Olympic, Pythian, Isthmian etc). Two additional dials give the Exeligmos, the 54 year and 34 day cycle, which provides a more accurate prediction of eclipses. It is possible that the Mechanism was also equipped with a planetary show display, as three of the planets and their motion (stationary points) are mentioned many times in the manual of the instrument, so it was also a planetarium. From the manual we have hints that the mechanism was probably also an observational instrument, as having instructions concerning a viewfinder and possibly how to orient the viewfinder to pass a sunbeam through it, probably measuring the altitude of the Sun. There are fragmented sentences that probably give instructions on how to move the pointers to set the position of the Sun, the Moon and the planets in their initial places in the ecliptic, on a specific day, or how to measure angular distances between two celestial bodies or their coordinates. This mechanism is definitely not the first one of its kind. The fact that it is accompanied with instructions means that the constructor had in its mind to be used by somebody else and one posits that he made at least another similar instrument.",2026-10-05T10:37:53.584182+00:00,B
a2814098c814bb2e,openalex,Ctesibius gears clock,Aftermath Impact,https://doi.org/10.1145/3578622,William Sims Bainbridge,2023,academic_work,,"From the intersection of computational science and technological speculation, with boundaries limited only by our ability to imagine what could be. An ancient roman dispatched to find the greatest technological advances of the time may lose something of far greater importance.",2026-10-05T10:37:53.584392+00:00,B
006557af91396861,openalex,Ctesibius gears clock,From Mechanical Metamorphosis to Empathic Interaction: A Historical Overview of Robotic Creatures,https://doi.org/10.5898/jhri.3.1.oh,Chang Geun Oh; Jaeheung Park,2014,academic_work,,"Humans have had a long history of fascination with building intelligent machines that depict themselves or move animatedly. This article explores the history of robotic creatures like Egyptian figurines, Greek mechanical inventions, 18th century ingenious automata, and modern kinetic mise-en-scène and robotic artworks. Several interactive robots showed the potential for emotional interaction between humans and machines. In the context of human-robot interaction, empathy with robots requires further discussions on the interaction design.",2026-10-05T10:37:53.584406+00:00,B
c535657e9be2933e,openalex,Ctesibius gears clock,Analysis of the First Treatise on Machine Elements: Codex Madrid I,http://dx.doi.org/10.1007/s10699-022-09896-4,Higinio Rubio; Alejandro Bustos; Cristina Castejón; Jesús Meneses Alonso,2023,academic_work,,"Abstract In this article, the manuscript of Codex Madrid I, Leonardo da Vinci's workshop drawings collection, is reviewed and the main mechanisms that appear in the aforesaid codex are analysed. It begins with a short reference to Leonardo da Vinci works and, subsequently, Leonardo's manuscripts and Codex Madrid I, in particular, are placed in their historical context. After analysing the historical scope of Codex Madrid I, a compilation of the 100 main drawings of the manuscript is made, composing nine Mechanisms Drawings Boxes. Each Mechanisms Drawings Box is a collage made up of 10 to 14 drawings of mechanical elements that appear in Codex Madrid I, with a brief description of each drawing. This compilation illustrates the wide range of mechanical elements and simple mechanisms of Codex Madrid I, forming, as a whole, a complete treatise on mechanisms, understanding mechanisms as basic elements of machines.",2026-10-05T10:37:53.584426+00:00,B
152f3f1c5917c20e,openalex,Ctesibius gears clock,Algorithms and Automation: An Introduction,https://doi.org/10.14506/ca33.3.01,Ian Lowrie,2018,academic_work,,"Our world is densely populated by ubiquitous processors, capacious storage, and vigilant sensors.Networks of such machines are constantly measuring, packaging, storing, circulating, and operating on the world.They are busy assembling and being assembled, sharing information, and distributing their processing loads as they make decisions and enact plans.At the same time, they are refusing connections, maintaining their immune systems, performing network security, managing their boundaries, and controlling access.Human bodies move among this flexible, securitized meshwork of silicon, electricity, code, fiber optics, and data: building, maintaining, and restructuring.Their activity ensures that aesthetic, epistemological, economic, and political structures are thoroughly woven into these computational networks, tightly coupling the technical to the social as they experiment with new forms of work and life.Yet many of those who are building these systems do not seem particularly concerned with ensuring that our computational futures remain within the control, or even comprehension, of fleshy and cultural human beings.On the contrary: as they craft and maintain the",2026-10-05T10:37:53.584468+00:00,B
838eb76b7369238d,openalex,Ctesibius gears clock,MAIN PROBLEMS OF DEVELOPMENT THE COMPUTER SCIENCE AND NECESSITY OF THE APPLICATION OF PHYSICAL PROCESSES,http://dx.doi.org/10.32782/pet-2024-1-8,Petro P. Trokhimchuck; Oleh VILIHURSKYI; Оксана ЗАМУРУЄВА; Pavlo SAKHNYUK; Andrew IVANOVSYI,2024,academic_work,,"The problems of evolution the cybernetics and computer science are analysed. Short historical analysis of this problem is represented. It includes Greek abacus and the Peruvian system of nodal counting. The role of Blaise Pascal and Wilhelm Leitzbnitz in establishing the foundations of computer science is noted. The next stage in the development of computer science was the research of Charles Babbage and Lady Ada Lovelace. It was Ada Lovelace, who initiated the programming procedure. The concept of cybernetics as the management of ships originated in Greece. In the 19th century, it was formulated as a science of management by J. Ampere and B. Trentowski. It was completed by N. Wiener, according to whom cybernetics is the science of control in the living and non-living world. Later, cybernetics became the basis of computing. In its bowels, the theory of automatic regulation was expanded and the foundations of modern information theory were formulated. As F. George showed, cybernetics is a synthetic science that includes a number of sciences that are needed to solve the relevant problem. Research has been conducted on the development of the hardware base of modern cybernetics and computer science: from pebbles, nodules and bones to modern optoelectronic systems. Modern computer science has a somewhat broader meaning as defined by N. Wiener. The main task of modern computer science is the formalization of the thesis of the Canadian philosopher L. Hall ""Everything that comes from the head is intelligent"". In this case, along with the elementary base, programming received significant development. Along with narrow-profile programming languages (Fortran, Pascal), the system programming languages C and cross-hierarchical programming (Python have been created). The structure of computer science has also changed significantly. The further development of computer systems is obviously related to the reduction of time and simplification of the procedure for obtaining the necessary information and including the real physical processes in the procedure of computation. Possible ways of implementing this are also discussed.",2026-10-05T10:37:53.584513+00:00,B
258792b7fb5c9902,crossref,Ctesibius gears clock,Anesthetics and Circadian Regulation:“Hands” or “Gears” of the Clock?,https://doi.org/10.1097/aln.0b013e3181eaa5ab,Matthias Eikermann; Nancy L. Chamberlin,2010,journal-article,,,2026-10-05T10:37:53.938224+00:00,B
8bd53d3b1ce12901,crossref,Ctesibius gears clock,Anesthetics and Circadian Regulation:“Hands” or “Gears” of the Clock?,https://doi.org/10.1097/aln.0b013e3181eb01c6,Garance Dispersyn; Laure Pain; Yvan Touitou,2010,journal-article,,,2026-10-05T10:37:53.938246+00:00,B
178066999f1f323e,crossref,Ctesibius gears clock,Eating Rewards the Gears of the Clock,https://doi.org/10.1016/j.tem.2019.03.001,Jorge Mendoza,2019,journal-article,,,2026-10-05T10:37:53.938265+00:00,B
8c4f6d619ace7b45,crossref,Ctesibius gears clock,Speed control: cogs and gears that drive the circadian clock,https://doi.org/10.1016/j.tins.2012.05.007,Xiangzhong Zheng; Amita Sehgal,2012,journal-article,,,2026-10-05T10:37:53.938292+00:00,B
47e88296126d98d0,crossref,Ctesibius gears clock,Conserved signaling gears that sustain circadian clock robustness,https://doi.org/10.1016/j.tibs.2025.06.013,Felipe Muñoz-Guzmán; Luis F. Larrondo,2025,journal-article,,,2026-10-05T10:37:53.938307+00:00,B
739293a8ffb3aabe,crossref,Ctesibius gears clock,Clockless Yeast and the Gears of the Clock: How Do They Mesh?,https://doi.org/10.1177/074873001129002204,Ruben Baler,2001,journal-article,,,2026-10-05T10:37:53.938331+00:00,B
934f73e7088ee7f6,crossref,Ctesibius gears clock,Shifting nanoscopic clock gears,https://doi.org/10.1038/nsmb0507-362,Susan S Golden; Vincent M Cassone; Andy LiWang,2007,journal-article,,,2026-10-05T10:37:53.938346+00:00,B
3057bde1a7f3df67,crossref,Ctesibius gears clock,Meshing the gears of the cyanobacterial circadian clock,https://doi.org/10.1073/pnas.0405623101,Susan S. Golden,2004,journal-article,,,2026-10-05T10:37:53.938361+00:00,B
9b13fe0d79fbe416,crossref,Ctesibius gears clock,Erratum: Corrigendum: Shifting nanoscopic clock gears,https://doi.org/10.1038/nsmb0607-568b,Susan S Golden; Vincent M Cassone; Andy LiWang,2007,journal-article,,,2026-10-05T10:37:53.938374+00:00,B
afcce6ed7aefa3be,crossref,Ctesibius gears clock,The clock project: gears as visual-tangible representations for mathematical concepts,https://doi.org/10.1007/s10798-009-9104-x,Alejandro Andrade,2009,journal-article,,,2026-10-05T10:37:53.938388+00:00,B
7dcf1c6e6816f458,crossref,Ctesibius gears clock,Gears for instruments and clockwork mechanisms. Cycloidal type gears.,https://doi.org/10.3403/00068962u,,,standard,,,2026-10-05T10:37:53.938403+00:00,B
d18f90009084210c,crossref,Ctesibius gears clock,Gears for instruments and clockwork mechanisms. Cycloidal type gears.,https://doi.org/10.3403/00068998,,,standard,,,2026-10-05T10:37:53.938417+00:00,B
3aaeec41826ca752,crossref,Ctesibius gears clock,Specification for fine pitch gears,https://doi.org/10.3403/00069015u,,,standard,,,2026-10-05T10:37:53.938431+00:00,B
9c251b331e0cb7a5,crossref,Ctesibius gears clock,Specification for fine pitch gears,https://doi.org/10.3403/00069015,,,standard,,,2026-10-05T10:37:53.938445+00:00,B
4782816771b88a13,crossref,Ctesibius gears clock,Gears � Calculation of load capacity of worm gears,https://doi.org/10.3403/30397077u,,,standard,,,2026-10-05T10:37:53.938460+00:00,B
89cecd2a2a3d9ade,crossref,Ctesibius gears clock,Specification for fine pitch gears,https://doi.org/10.3403/00068962,,,standard,,,2026-10-05T10:37:53.938476+00:00,B
8c4821818def5562,openalex,Ctesibius seasonal hours,Optimization Modeling Of Solar Plus Storage For Demand Shaving And Building Resiliency,http://hdl.handle.net/11299/200114,Aaron Michael Perry,2018,academic_work,,"University of Minnesota M.S.E.M. thesis.June 2018. Major: Engineering Management. Advisors: Alison Hoxie, Ona Egbue. 1 computer file (PDF); x, 92 pages.",2026-10-05T10:37:54.954941+00:00,B
3b5c3f82190c23ac,openalex,Ctesibius seasonal hours,Coming to Terms,http://dx.doi.org/10.1515/9783111314532,Markus Asper,2023,academic_work,,"Terminologies present various challenges to their inventors and to their users, ranging from epistemic adequacy over linguistic concerns to matters of strategy and group construction. With respect to historical terminologies, however, research has been dominated by linguistic approaches. Breaking new ground, Coming to Terms collects eleven articles that combine an interest in the history of knowledge, mostly ancient Greek, with research on scientific terminologies. They all share an interest in terminological practices, that is, questions such as how and when to coin a term and then what to do with it. Among the fields discussed are astronomy, the Roman surveyors, Aristotelian science, Renaissance and modern biology, contemporary medicine, ancient Chinese philosophy, 20 th -century physics, and colonial linguistics. Confronting ancient with modern terminologies, the collection intends to test integrative interpretive approaches. Thus, the collection documents how rich ancient (and modern) terminologies are and shows that they are, beyond lexicography, worth being studied per se .",2026-10-05T10:37:54.954967+00:00,B
5753486c32524583,openalex,Ctesibius seasonal hours,Coming to Terms,https://library.oapen.org/handle/20.500.12657/87874,,2024,academic_work,,"Terminologies present various challenges to their inventors and to their users, ranging from epistemic adequacy over linguistic concerns to matters of strategy and group construction. With respect to historical terminologies, however, research has been dominated by linguistic approaches. Breaking new ground, Coming to Terms collects eleven articles that combine an interest in the history of knowledge, mostly ancient Greek, with research on scientific terminologies. They all share an interest in terminological practices, that is, questions such as how and when to coin a term and then what to do with it. Among the fields discussed are astronomy, the Roman surveyors, Aristotelian science, Renaissance and modern biology, contemporary medicine, ancient Chinese philosophy, 20th-century physics, and colonial linguistics. Confronting ancient with modern terminologies, the collection intends to test integrative interpretive approaches. Thus, the collection documents how rich ancient (and modern) terminologies are and shows that they are, beyond lexicography, worth being studied per se. ; Terminologies present various challenges to their inventors and to their users, ranging from epistemic adequacy over linguistic concerns to matters of strategy and group construction. With respect to historical terminologies, however, research has been dominated by linguistic approaches. Breaking new ground, Coming to Terms collects eleven articles that combine an interest in the history of knowledge, mostly ancient Greek, with research on scientific terminologies. They all share an interest in terminological practices, that is, questions such as how and when to coin a term and then what to do with it. Among the fields discussed are astronomy, the Roman surveyors, Aristotelian science, Renaissance and modern biology, contemporary medicine, ancient Chinese philosophy, 20th-century physics, and colonial linguistics. Confronting ancient with modern terminologies, the collection intends to test integrative interpretive approaches. Thus, the collection documents how rich ancient (and modern) terminologies are and shows that they are, beyond lexicography, worth being studied per se.",2026-10-05T10:37:54.954997+00:00,E
faceeca092d6ac1e,openalex,Ctesibius seasonal hours,The application of semi-automated gantry cranes in empty container depots,https://doi.org/10.26686/wgtn.17139953,Corinne Ankenbruck,2019,academic_work,,"Purpose – The storage and supply of empty containers is a bottleneck in the global supply chain. In the wake of increasing containerisation and globalisation, improving efficiencies of processing within empty container depots can realise efficiencies. The overall objective of this research project is to propose an efficient and effective solution for reducing waste in an empty container depot using a crane. The issue of applying gantry cranes to empty container depots will cover both an operational and a strategic evaluation of the following research questions: 1) What are the potential solutions for a specific yard based on lean thinking, and which solution should be used within the constraints and contexts of this yard? 2) Who are the key stakeholders, and what are their stakes while implementing the solution in the yard to reduce waste? Design/methodology/approach – A review of the literature around empty container depots revealed that while lean operations have been applied to manufacturing, warehousing, and ports, it has not yet been applied to empty container depots. Whereas warehouses primarily deal with stock-holding and ports deal with quayside operations, empty container depots act as a conduit between consignors and consignees. In the vein of American Pragmatism, Design Science Research, and Strategy-as-Practice, this thesis shows that in the context of empty container depots a gantry crane is an artefact that can create efficiencies, reduce costs, as well as explore further effects on the organisation and its wider geo-political habitus. Case Study – A New Zealand company that handles roughly half a million TEUs per annum cooperated with this study. The study was conducted by analysing data from four working depots (Auckland, Tauranga, Napier) selected to illustrate variations in container volumes, types of flows (imports, exports, seasonality), and depot layouts. The current operations of these depots were analysed using lean operations, value stream mapping, and operations interwork centre flow graphs. Of the four sites identified, one (the Auckland OCP site) was shown to achieve the greatest results from a gantry crane. The results of the analysis were then used to develop a potential solution in which waste was identified and eliminated, primarily around excess handling and land utilisation. Findings – A key finding was that efficiency gains differ from site to site based on their unique demands and overall layouts. Furthermore, changes towards the current yard using gantry cranes need to be implemented incrementally based on continuous improvement. This is due to practical constraints around operations, culture change, cashflow management, the acquisition of capital, and broader market/stakeholder influences. Originality/value – The practical applications of this research case are scalable on a vast level. The effects of this research are explored in how the introduction of an artefact affects the organisation, its vision of itself, its strategies, and the broader supply chain in which this organisation operates. The results are further re-contextualisted in order to offer a holistic view of an artefact in its situated environment.",2026-10-05T10:37:54.955045+00:00,B
a51363ff17426cd6,openalex,Ctesibius seasonal hours,Hydraulophones: Acoustic Musical Instruments and Expressive User Interfaces,http://hdl.handle.net/1807/25712,Ryan E. Janzen,2007,academic_work,,"Fluid flow creates an expansive range of acoustic possibilities, particularly in the case of water, which has unique turbulence and vortex shedding properties as compared with the air of ordinary wind instruments. Sound from water flow is explained with reference to a new class of musical instruments, hydraulophones, in which oscillation originates directly from matter in its liquid state. Several hydraulophones which were realized in practical form are described. A unique user-interface consisting of a row of water jets is presented, in terms of its expressiveness, tactility, responsiveness to derivatives and integrals of displacement, and in terms of the direct physical interaction between a user and the physical process of sound production. Signal processing algorithms are introduced, which extract further information from turbulent water flow, for industrial applications as well as musical applications.",2026-10-05T10:37:54.955250+00:00,E
44367eb92c6b144a,openalex,Ctesibius seasonal hours,Worship wars: Minimizing conflict and maximizing unity through a worship transition,https://place.asburyseminary.edu/ecommonsatsdissertations/786,William A. Fisackerly,2013,academic_work,,https://place.asburyseminary.edu/ecommonsatsdissertations/1797/thumbnail.jpg,2026-10-05T10:37:54.955286+00:00,E
373c1c2e75e8f78b,openalex,Ctesibius seasonal hours,Springtime and other essays,https://doi.org/10.5962/bhl.title.167629,"Francis Darwin; Oliver and Boyd (Edinburgh, Scotland)",1920,academic_work,,"SPRINGTIME1""Why, then comes in the sweet o5 the year.""-Autolycus* Song.Governesses used to tell us that the seasons of the year each consist of three months, and of these March, April, and May make the springtime.I should like to break the symmetry, and give February to spring, which would then include February, March, April, and May.It has been said that winter is but autumn ""shyly shaking hands with spring.""We will, accordingly, make winter a short link of two months-an autumnal and a vernal hand-December and January.It is a little sad for autumn to have to make room for chill November alongside of the happier months of September and October.But autumn is a season of decadence and cannot justly complain.The autumnal flowers, which may be allowed to figure as a prelude to spring, are few in number.My favourite is lady's tresses (Spiranthes), so called from the spiral twist in its inflorescence, which suggests braided hair.Gentiana amarella I should like to include, but its flowering-time is from 12th August to 8th September, and summer has the 1 From the Cornhill Magazine,",2026-10-05T10:37:54.955311+00:00,B
d94005cfb98984f6,openalex,Ctesibius seasonal hours,Towards an understanding of humanoid robots in eLC applications,http://urn.fi/URN:ISBN:978-952-61-1659-4,Gaetano La Russa,2014,academic_work,,"This work is the outcome of inter-disciplinary research in the field of human-robot interaction (HRI) and human behaviour in the usability sector of fundraising.This work specifically correlates to a pilot project called Robo-eLC (eLC is the abbreviation for e-Learning and e-Commerce) which aims to reintroduce, albeit in a technological form, a traditional Finnish money collecting means which consists of anthropomorphic painted wooden statues known as Vaivaisukot (vaivaisukot in the Finnish language means Begging Men and hereafter they will be referred to as Wooden Beggars).These statues, which have a slit on their head or side through which donations could be inserted, were first located at the entrance of Finnish churches in 1649 and were still in use up to a few decades ago.A few examples of these Wooden Beggars can still be viewed across the regions of the west coast of Abbreviation Description 3D Three-Dimensional (environment) AI Artificial Intelligence CVE Collaborative Virtual Environments DOF Degree(s) Of Freedom eLC e-Learning and e-Commerce F2F Face to face GPS Global Positioning System GUI Graphic User Interface HCI Human Computer Interaction HD High",2026-10-05T10:37:54.955338+00:00,E
7c24a335b163eaaa,crossref,Ctesibius seasonal hours,Babylonian Seasonal Hours,https://doi.org/10.1111/j.1600-0498.1989.tb00843.x,Francesca Rochberg-Halton,1989,journal-article,,,2026-10-05T10:37:55.550453+00:00,B
dbae98c53549c82c,crossref,Ctesibius seasonal hours,Seasonal Variations in Rain Hours at Toronto,https://doi.org/10.1080/00431672.1961.9925110,J. P. Bruce; B. S. V. Cudbird,1961,journal-article,,,2026-10-05T10:37:55.550492+00:00,B
cf4337c308fb4ed1,crossref,Ctesibius seasonal hours,Chapter Eight. Babylonian Seasonal Hours,https://doi.org/10.1163/ej.9789004183896.i-445.26,F. Rochberg,2010,book-chapter,,,2026-10-05T10:37:55.550508+00:00,B
94ee90782663ef3f,crossref,Ctesibius seasonal hours,"The Influence of Seasonal Cloud Cover, Ambient Temperature and Seasonal Variations in Daylight Hours on the Optimal PV Panel Tilt Angle in the United States",https://doi.org/10.3390/en15207516,Essa Alhamer; Addison Grigsby; Rydge Mulford,2022,journal-article,,,2026-10-05T10:37:55.550524+00:00,B
e9270f97fbc8ca46,crossref,Ctesibius seasonal hours,Altitude sundials for seasonal and equal hours,https://doi.org/10.1080/00033799600200121,Allan A. Mills,1996,journal-article,,,2026-10-05T10:37:55.550539+00:00,B
6fc4379ea6c83ab8,crossref,Ctesibius seasonal hours,SEAGET: Seasonal and active hours guided graph enhanced transformer for the next POI recommendation,https://doi.org/10.1016/j.array.2025.100385,Alif Al Hasan; Md. Musfique Anwar,2025,journal-article,,,2026-10-05T10:37:55.550553+00:00,B
c5cfd30096ace418,crossref,Ctesibius seasonal hours,Seasonal changes in metabolic rates in muskoxen following twenty- four hours of starvation,https://doi.org/10.7557/2.17.3.1365,James P. Lawler; Robert G. White,1997,journal-article,,,2026-10-05T10:37:55.550568+00:00,B
7a1bf374af8261f9,crossref,Ctesibius seasonal hours,Hourly server workload forecasting up to 168 hours ahead using Seasonal ARIMA model,https://doi.org/10.1109/icit.2012.6210091,V. G. Tran; V. Debusschere; S. Bacha,2012,proceedings-article,,,2026-10-05T10:37:55.550583+00:00,B
7b655a4df466fe1d,crossref,Ctesibius seasonal hours,Workers With Irregular Hours During Seasonal Work Surges,https://doi.org/10.1177/2165079915622458,Patricia Butterfield,2016,journal-article,,,2026-10-05T10:37:55.550598+00:00,B
dea513ce6a7bba64,crossref,Ctesibius seasonal hours,Seasonal change of activity hours of the Seven Is. Thrush,https://doi.org/10.3838/jjo1915.18.85_348,Kazuo Sugizaki,1968,journal-article,,,2026-10-05T10:37:55.550623+00:00,B
d9c3d28acf8346c8,crossref,Ctesibius seasonal hours,"Addressing seasonal and uncertain demand in service companies through a triple labor flexibility strategy based on multiskilling, annualized hours, and overtime",https://doi.org/10.5821/dissertation-2117-452728,Andrés Felipe Porto Solano,,dissertation,,,2026-10-05T10:37:55.550638+00:00,B
0117b683d91ec8a5,crossref,Ctesibius seasonal hours,The quiz on seasonal affective disorder is CME-accredited by Mount Sinai School of Medicine for 3.0 credit hours,https://doi.org/10.1017/s1092852900019635,,2005,journal-article,,,2026-10-05T10:37:55.550653+00:00,B
f45dbf3fb768a005,crossref,Ctesibius seasonal hours,Seasonal variation of world-wide<i>F</i>2 ionization for noon and midnight hours,https://doi.org/10.1029/jz054i002p00177,H. L. Lung,1949,journal-article,,,2026-10-05T10:37:55.550668+00:00,B
d290682af9df9aee,crossref,Ctesibius seasonal hours,"Net Returns for Seasonal Workers Based on a Limited Department of Labour (DOL) Audit of Wages, Hours and Costs/Deductions",https://doi.org/10.26686/lew.v0i0.1642,Sankar Ramasamy,2008,journal-article,,,2026-10-05T10:37:55.550684+00:00,B
1cf24025c813773d,crossref,Ctesibius seasonal hours,Seasonal variation of hours worked in home-based industrial production: Evidence from Sweden 1912,https://doi.org/10.1177/0143831x16662715,Malin Nilsson,2016,journal-article,,,2026-10-05T10:37:55.550699+00:00,B
b268c127366d9a78,crossref,Vitruvius Ctesibius water clock,"Ctesibius, Vitruvius and Leonardo: A Digital Reconstruction of the Water Clockwork Timeline",https://doi.org/10.1007/978-3-030-98499-1_12,Massimo Callegari; Paolo Clini; Luca Carbonari; Renato Angeloni; Mirco D’Alessio; Cecilia Scoccia,2022,book-chapter,,,2026-10-05T10:37:57.303298+00:00,A
9a10bd0cdd0fe156,crossref,Vitruvius Ctesibius water clock,Water,https://doi.org/10.1017/cbo9780511840951.011,,1999,book-chapter,,,2026-10-05T10:37:57.303359+00:00,B
e78f712abf23ada6,crossref,Vitruvius Ctesibius water clock,Making Vitruvius Speak English: Vitruvius and English Architecture up to Vitruvius Britannicus,https://doi.org/10.1163/9789004688704_015,Vaughan Hart,2024,book-chapter,,,2026-10-05T10:37:57.303380+00:00,A
9538cd67897cb85f,crossref,Vitruvius Ctesibius water clock,"Morrison, William Vitruvius",https://doi.org/10.1093/oao/9781884446054.013.90000372198,,2003,reference-entry,,,2026-10-05T10:37:57.303394+00:00,A
6c643f2ef81d25bc,crossref,Vitruvius Ctesibius water clock,Vitruvius and Guarino Guarini,https://doi.org/10.1163/9789004688704_013,Susan Klaiber,2024,book-chapter,,,2026-10-05T10:37:57.303407+00:00,A
d910dd080af27930,crossref,Vitruvius Ctesibius water clock,Vitruvius and Palladio,https://doi.org/10.1163/9789004688704_022,Francesco Marcorin,2024,book-chapter,,,2026-10-05T10:37:57.303419+00:00,A
be7bcda5e46d4197,crossref,Vitruvius Ctesibius water clock,Vitruvius Pollio,https://doi.org/10.1093/gmo/9781561592630.article.29534,Denise Davidson Greaves,2001,reference-entry,,,2026-10-05T10:37:57.303432+00:00,A
022a4a869504ff4a,crossref,Vitruvius Ctesibius water clock,Vitruvius from Manuscript to Print,https://doi.org/10.1163/9789004688704_003,Ingrid Rowland,2024,book-chapter,,,2026-10-05T10:37:57.303444+00:00,A
863afed9975df373,crossref,Vitruvius Ctesibius water clock,The Medieval Vitruvius,https://doi.org/10.1163/9789004688704_007,Wim Verbaal,2024,book-chapter,,,2026-10-05T10:37:57.303456+00:00,A
e4d30b22a12d90ca,crossref,Vitruvius Ctesibius water clock,Archaeological Perspectives on Vitruvius,https://doi.org/10.1163/9789004688704_017,Rabun Taylor,2024,book-chapter,,,2026-10-05T10:37:57.303468+00:00,A
d12cf704985119a8,crossref,Vitruvius Ctesibius water clock,Vitruvius: 'Ten Books on Architecture',https://doi.org/10.1017/cbo9780511840951,Vitruvius,1999,edited-book,,,2026-10-05T10:37:57.303481+00:00,A
b868b9eb1c6b5b6e,crossref,Vitruvius Ctesibius water clock,"Vitruvius, Marcus",https://doi.org/10.1007/springerreference_59427,,,reference-entry,,,2026-10-05T10:37:57.303493+00:00,A
5ac865d48907ac34,crossref,Vitruvius Ctesibius water clock,Vitruvius,https://doi.org/10.1163/1574-9347_dnp_e12206250,,,dataset,,,2026-10-05T10:37:57.303505+00:00,A
9d82428965236154,crossref,Vitruvius Ctesibius water clock,"The Architecture of Vitruvius, Book II",https://doi.org/10.1017/cbo9781107280670.003,,2014,book-chapter,,,2026-10-05T10:37:57.303517+00:00,A
a821b654c4e32450,crossref,Vitruvius Ctesibius water clock,"The Architecture of Vitruvius, Book IV",https://doi.org/10.1017/cbo9781107280670.005,,2014,book-chapter,,,2026-10-05T10:37:57.303529+00:00,A
0f9354ee02b8fa73,crossref,Vitruvius Ctesibius water clock,"The Architecture of Vitruvius, Book X",https://doi.org/10.1017/cbo9781107280670.011,,2014,book-chapter,,,2026-10-05T10:37:57.303541+00:00,A
1d98ba10fc2b6fa5,crossref,Vitruvius Ctesibius water clock,"The Architecture of Vitruvius, Book IX",https://doi.org/10.1017/cbo9781107280670.010,,2014,book-chapter,,,2026-10-05T10:37:57.303553+00:00,A
a0ddf5c27620e8cb,crossref,Vitruvius Ctesibius water clock,The Architecture of Marcus Vitruvius Pollio,https://doi.org/10.1017/cbo9781107280670,Marcus Vitruvius Pollio,2014,monograph,,,2026-10-05T10:37:57.303564+00:00,A
db39931ff4e34fd5,openalex,Hero Ctesibius clock,The anxiety of automation: Attending to the deep history of automated entities,https://doi.org/10.1386/eme.16.2-3.259_1,Krista Kennedy,2017,academic_work,,Abstract,2026-10-05T10:37:59.474057+00:00,B
1a93dd1f64436810,openalex,Hero Ctesibius clock,"Review of 'Medieval Robots: Mechanism, Magic, Nature, and Art'",https://doi.org/10.14296/rih/2014/1904,Stefano Gulizia,2016,academic_work,,"Both as a historical focus and as a narrative vehicle of 'otherness', the depiction of technological marvels has often seemed tantalizingly vague.In Orientalist scholarship à la Said, it also ended up being ultimately irretrievable across the mutually reinforcing mirrors of East and West.During the Middle Ages, however, the value, origin, and use of mechanical wonders was already a matter of constant and consistent debate, even before the shape of early modern colonial expansion was properly set.This was particularly true from the tenth to the 13th century, as the nature of adjacent genres such as eyewitness and fictional accounts was itself in flux and sandwiched between different crusading attempts, which, in turn, helped systematize the geographic imaginary of Greek and Arabic exoticism.Wartime spolia and gifts -and, among them, automata, a particular kind of marvel -participated in successive waves of large-scale Latin Christian contact with the distant lands of Byzantium and the Islamicate world.At different junctures, writers, travelers, and envoys came to terms with a sense of economic and technological inferiority.From Sasanian imperial ideology to caliphal policy, passing through meticulous courtly etiquette in Byzantium, diplomatic exchanges marked the establishment of a characteristically asymmetrical habit of gift-giving; in abstract terms, interest in automaton-making and its mathematical underpinnings was an aspect of 'conspicuous virtuosity' that punctuated the slow unfolding of geopolitical ceremonial.This artificial enhancement of the imperial aura is particularly evident in the most famous Byzantine automaton, the Throne of Solomon, whose movements also operated roaring lions and cheeping birds, and which was well-known across the Mediterranean.Greek sources such as the textbook of courtly entertainments De Ceremoniis (ca.956-9) never expressed wonder or curiosity about the throne, nor did they offer a technical explanation of its rising mechanisms, while, at the same time, they implied that it 'spoke' in the emperor's stead for the benefit of foreign visitors, underlying dynastic permanence and authority.By the same token, the Latin diplomat Liudprand of Cremona, who traveled to Constantinople in 949 for Berengar II of Italy, feigned his relative lack of astonishment, relying on the validation and information obtained by him from previous audiences; as for explaining the throne, Liudprand found nothing better to say than comparing it to the timbers of a wine press back at home.In the end, be it one version or another, imperial aplomb was something made not born.In contrast to Liudprand's unfazed reaction and his wily preemption of Byzantine awe, which was based on",2026-10-05T10:37:59.474128+00:00,B
3cd14f2da66f1564,crossref,Hero Ctesibius clock,"Clock Gating: Unsung hero of Power Optimization for AI Accelerators: Techniques, Implementation, and Future Directions",https://doi.org/10.1109/iraset68627.2026.11538786,Uday Korat; Sachchidanand Deo,2026,proceedings-article,,,2026-10-05T10:38:00.221260+00:00,B
4e4ac9bec616cfff,crossref,Hero Ctesibius clock,Lobby Hero,https://doi.org/10.5040/9781580818490,,2012,other,,,2026-10-05T10:38:00.221277+00:00,B
d6a8f4b7dbe0e972,crossref,Hero Ctesibius clock,Lobby Hero,https://doi.org/10.5040/9781580818490.p01,,,other,,,2026-10-05T10:38:00.221293+00:00,B
99cf1dff0a93005a,crossref,Hero Ctesibius clock,Hero,https://doi.org/10.5040/9780571347568.00000002,E.V. Crowe,2012,other,,,2026-10-05T10:38:00.221307+00:00,B
8f8d456bd91c6674,crossref,Hero Ctesibius clock,Hero or Rebel,https://doi.org/10.5040/9781350917002,,2021,other,,,2026-10-05T10:38:00.221331+00:00,B
57b7de8b2bc6113f,crossref,Hero Ctesibius clock,BEETHOVEN’S HERO,https://doi.org/10.2307/j.ctv131bv79.6,,2020,book-chapter,,,2026-10-05T10:38:00.221346+00:00,B
e645ac9119f82791,crossref,Hero Ctesibius clock,BEETHOVEN HERO,https://doi.org/10.2307/j.ctv131bv79.10,,2020,book-chapter,,,2026-10-05T10:38:00.221362+00:00,B
e13281eb86c7773f,crossref,Hero Ctesibius clock,Notes,https://doi.org/10.5040/9781350986985.0008,,2016,book-chapter,,,2026-10-05T10:38:00.221375+00:00,B
4217ee73567fa9c3,crossref,Hero Ctesibius clock,Acknowledgements,https://doi.org/10.5040/9781350986985.0005,,2016,book-chapter,,,2026-10-05T10:38:00.221388+00:00,B
8af59d92f8e03dd8,crossref,Hero Ctesibius clock,Bibliography,https://doi.org/10.5040/9781350986985.0009,,2016,book-chapter,,,2026-10-05T10:38:00.221401+00:00,B
80731840fbe282b6,crossref,Hero Ctesibius clock,"hero-worshipper | hero-worshiper, n.",https://doi.org/10.1093/oed/7223445919,,2023,book-chapter,,,2026-10-05T10:38:00.221413+00:00,B
b7f6bd874bda58d8,crossref,Hero Ctesibius clock,Preface,https://doi.org/10.5040/9781350986985.0004,,2016,book-chapter,,,2026-10-05T10:38:00.221426+00:00,B
4899b6332944e0f6,crossref,Hero Ctesibius clock,The Hero and the Other,https://doi.org/10.4324/9780429345357-20,Pravin K Patel,2021,book-chapter,,,2026-10-05T10:38:00.221443+00:00,B
10fe1c607fcd554a,crossref,Hero Ctesibius clock,The Hero – on Closer Inspection a Fool?,https://doi.org/10.4324/9780429345357-3,Ursula Kocher,2021,book-chapter,,,2026-10-05T10:38:00.221457+00:00,B
28d64795625eaf94,crossref,Hero Ctesibius clock,Chronology,https://doi.org/10.5040/9781350986985.0007,,2016,book-chapter,,,2026-10-05T10:38:00.221471+00:00,B
f33f04549b7236c7,crossref,Heron Ctesibius water clock,Clock winding,https://doi.org/10.1093/nq/176.3.42b,Edward Heron-Allen,1939,journal-article,,,2026-10-05T10:38:01.907468+00:00,B
ace2096d034bdaa8,crossref,Heron Ctesibius water clock,The clock as an oddity,https://doi.org/10.1093/nq/181.13.181c,Edward Heron-Allen,1941,journal-article,,,2026-10-05T10:38:01.907486+00:00,B
932d600ae3fc7c9d,crossref,Heron Ctesibius water clock,"Holocene reef development and water quality reconstruction, Heron Reef and One Tree Reef, southern Great Barrier Reef​​​​​​​",https://doi.org/10.14264/uql.2019.857,Marcos Salas-Saavedra,,dissertation,,,2026-10-05T10:38:01.907615+00:00,A
4726f06fd35d2673,crossref,Heron Ctesibius water clock,Heron Lake watershed conservation strip tillage demonstration,https://doi.org/10.1080/00224561.2007.12435991,Melanie Luinenburg,2007,journal-article,,,2026-10-05T10:38:01.907632+00:00,A
cd0a9a675274f663,crossref,Heron Ctesibius water clock,Blue Heron,https://doi.org/10.5876/9781885635303.c005,Elizabeth Robinson,2013,book-chapter,,,2026-10-05T10:38:01.907645+00:00,A
a5749b6f5b2b9e94,crossref,Heron Ctesibius water clock,The Night Heron,https://doi.org/10.5040/9781784600013.00000003,Jez Butterworth,2002,other,,,2026-10-05T10:38:01.907658+00:00,A
e9ef8d627f6a2fd5,crossref,Heron Ctesibius water clock,Little Blue Heron on Salt Water,https://doi.org/10.2307/4078149,"Alexander Sprunt,",1937,journal-article,,,2026-10-05T10:38:01.907672+00:00,A
bd68ea913909da81,crossref,Heron Ctesibius water clock,"Bitterns, Night Herons, Squacco Heron and Green Heron",https://doi.org/10.5040/9781472926982.part-0177,,,book-chapter,,,2026-10-05T10:38:01.907685+00:00,A
5aa8baad22fed8af,crossref,Heron Ctesibius water clock,Heron as a Tool for Light Water Reactor Market Interaction in a Deregulated Market,https://doi.org/10.1115/1.0000551v,Paul Talbot; Abhinav Gairola; Konor Frick; Cristian Rabiti,2021,posted-content,,,2026-10-05T10:38:01.907713+00:00,A
f13dd51dc62cd60d,openalex,Philo Byzantium water clock Ctesibius,Miracles of Technology and Art: Ancient Religious Aesthetics and Byzantine Iconoclasm,https://doi.org/10.5209/dmae.97637,Eva Anagnostou‐Laoutides,2024,academic_work,,"This article explores the role of technology in arousing religious awe from classical antiquity to the time of Emperor Theophilos. People’s fascination with technology ensured that this trend, increasingly popular in Greco-Roman religious festivals from the Hellenistic period onwards, gained pace among Christians after an initial period of rejecting pagan religious aesthetics. Technology was highly prised by both pagan and Christian rulers who typically sought to impress their subjects by displaying the technology available at their disposal. However, while the emperors’ reliance on technology to allude to divine favour was tolerated, technology employed to stage miracles or influence faith was deeply harmful for Christianity. Theophilos’ father is reported by Eutychius to have punished paradigmatically the mastermind of one such mechanically enabled miracle in his native Phrygia. Thus, Theophilos’ iconoclastic views as well as his known obsession with automata are explored as part of a longstanding debate on Christian religious aesthetics.",2026-10-05T10:38:02.847582+00:00,B
134d3eb572e1cba2,openalex,Philo Byzantium water clock Ctesibius,Technopoïesis: Transmedia Mythologisation and the Unity of Knowedge,https://doi.org/10.7195/ri14.v15i1.1056,Asunción López‐Varela Azcárate; Henry Sussman,2017,academic_work,,"It is difficult to explain why different disciplines are drawn to similar problems. Inter-relations are not always explainable by direct influence. It has been argued that any common ground derives from the fact that people share certain kinds of everyday experiences. Is ‘consilience’ or the unification of knowledge a utopia or a possibility, as William Whewell Edward Wilson would have it? This thematic issue of Icono14 explores the common premise underlying all human disciplines: the confirmation that technology has a direct impact upon sign production, distribution and reception and, thus, upon the entire system of human thought, cultural representation and cognition. The collection examines transmedial representations of technological advance by looking at their mythical shades of meanings as strategic narratives. As practical knowledge engaged in the creation and use of tools and machines as well as in the development of techniques and methods of organization that perform specific functions in making human life easier, the technologies of the past can shed some light on the future that emerging media can bring about for human groups.",2026-10-05T10:38:02.847707+00:00,B
43f75e6b50a6242c,openalex,Philo Byzantium water clock Ctesibius,"Commanding Texts: Knowledge-ordering, Identity Construction and Ethics in 'Military Manuals’ of the Roman Empire",https://www.repository.cam.ac.uk/handle/1810/274141,Daniel Alexandru Chiriţoiu,2017,academic_work,,"Summary of Commanding texts: Knowledge-ordering, identity construction and ethics in 'military manuals’ of the Roman Empire By Daniel Alexandru Chiritoiu This thesis is about ‘military manuals’ produced in the first few centuries of the Roman imperial period. It argues that these texts merit far more attention and appreciation than they have received in the scholarship so far. I will explore areas such as the way in which their authors order and rank Greek and Roman knowledge, engage with ideas about knowledge and power, help construct identity and discuss ethics and behavior. In the first chapter I will determine whether the authors operate within a specific ‘genre’, or ‘genres’, of military writing. Then I will explore how the texts relate to other traditions of technical texts, questions of audience, and finally the issue of their practicality. The second chapter will examine how authors tackle the issue of ‘Greek’ and ‘Roman’ knowledge, categorize, rank and use it for self-promotion. We will see how Roman knowledge is both subverted but also praised, and how Greek knowledge is at the same time placed above Roman knowledge and integrated into a narrative of continuity with it. The third chapter will focus on the use of Greek knowledge in the construction of Roman identity. I will explore how ‘manuals’ play a part in the identity of the Roman Empire, fitting into a picture of unity in diversity, and show how they contribute to Hadrian’s self-presentation. The fourth chapter will examine the ethical component in manuals. I will determine whether there was an ethical code of conduct in battle in the Classical world and whether it was different from general ethical norms. Then, we will examine whether our texts engage in any way with this ‘code’ and whether their individual approaches have anything in common or are fundamentally different.",2026-10-05T10:38:02.847735+00:00,E
fb1506972557a5d5,crossref,Philo Byzantium water clock Ctesibius,Philo of Byzantium,https://doi.org/10.1002/9781444338386.wbeah21254.pub2,Philip Rance,2020,other,,,2026-10-05T10:38:03.573641+00:00,B
ae0604772c71befc,crossref,Philo Byzantium water clock Ctesibius,Byzantium,https://doi.org/10.1093/oso/9780198836223.003.0021,David T. Runia,2025,book-chapter,,,2026-10-05T10:38:03.573667+00:00,B
8e7fbb1221db9b72,crossref,Philo Byzantium water clock Ctesibius,Philo in Byzantium,https://doi.org/10.1163/15700720-12341257,David T. Runia,2016,journal-article,,,2026-10-05T10:38:03.573696+00:00,B
b3e6185aca317399,crossref,Philo Byzantium water clock Ctesibius,"6.1 Philo of Byzantium, Belopoeika",https://doi.org/10.1515/9780691257686-081,,2024,book-chapter,,,2026-10-05T10:38:03.573712+00:00,B
6e76d289f2effa54,crossref,Philo Byzantium water clock Ctesibius,Philo of Byzantium: Pneumatica,https://doi.org/10.2307/3103260,A. G. Drachmann; Frank David Prager,1976,journal-article,,,2026-10-05T10:38:03.573736+00:00,B
60a37308f3fd89bc,crossref,Philo Byzantium water clock Ctesibius,The Armenian Philo on the Feast of Passover,https://doi.org/10.1163/9789004397743_007,Predrag Bukovec,2019,book-chapter,,,2026-10-05T10:38:03.573751+00:00,B
1cb2f5b683e19dba,crossref,Philo Byzantium water clock Ctesibius,Philo of Byzantium and the Colossus of Rhodes,https://doi.org/10.2307/629373,D. E. L. Haynes,1957,journal-article,,,2026-10-05T10:38:03.573765+00:00,B
1aa9a3df84d7fc8e,crossref,Philo Byzantium water clock Ctesibius,"Words, water and power",https://doi.org/10.1017/cbo9781316226742.015,Ingela Nilsson,2016,book-chapter,,,2026-10-05T10:38:03.573799+00:00,B
0f58c56fea485ce2,crossref,Philo Byzantium water clock Ctesibius,Technē and Method in Ancient Artillery Construction: The Belopoeica of Philo of Byzantium,https://doi.org/10.1515/9783110336337-029,Mark J. Schiefsky,2015,book-chapter,,,2026-10-05T10:38:03.573817+00:00,B
202b4381ad7982ff,crossref,Philo Byzantium water clock Ctesibius,Bibliography,https://doi.org/10.1017/cbo9781316226742.020,,2016,book-chapter,,,2026-10-05T10:38:03.573835+00:00,B
ad596f68efc0109d,crossref,Philo Byzantium water clock Ctesibius,<i>Philo of Byzantium. Pneumatica. The First Treatise on Experimental Physics: Western Version and Eastern Version</i>. Frank David Prager,https://doi.org/10.1086/352311,E. J. McCullough,1979,journal-article,,,2026-10-05T10:38:03.573860+00:00,B
b1468ee4fbedef7d,crossref,Philo Byzantium water clock Ctesibius,Plate Section (PDF Only),https://doi.org/10.1017/cbo9781316226742.021,,2016,other,,,2026-10-05T10:38:03.573875+00:00,B
7ce60904be94f6f7,crossref,Philo Byzantium water clock Ctesibius,Voltage and Frequency Control With Adaptive Reaction Time in Multiple-Clock-Domain Processors,https://doi.org/10.1109/hpca.2005.43,Qiang Wu; Philo Juang; M. Martonosi; D.W. Clark,,proceedings-article,,,2026-10-05T10:38:03.573889+00:00,B
85a36b718e7bbe02,crossref,Philo Byzantium water clock Ctesibius,Ancient Methodology of Conquering the City According to Philo of Byzantium (3rd Century BC),https://doi.org/10.17951/rh.2025.59.99-131,Artur Mateusz Turowski,2025,journal-article,,,2026-10-05T10:38:03.573913+00:00,B
9097b3ce8494a72c,crossref,Philo Byzantium water clock Ctesibius,The culture of water in the ‘Macedonian renaissance’,https://doi.org/10.1017/cbo9781316226742.008,Paul Magdalino,2016,book-chapter,,,2026-10-05T10:38:03.573928+00:00,B
e9430eac5a2fd9b2,crossref,Philo Byzantium water clock Ctesibius,Sinan’s ablution fountains,https://doi.org/10.1017/cbo9781316226742.019,Johan Mårtelius,2016,book-chapter,,,2026-10-05T10:38:03.573946+00:00,B
5c721b804364579e,openalex,De Architectura water clock Ctesibius,"Architecture, Engineering and Building Science: The Contemporary Relevance of Vitruvius’s De Architectura",https://doi.org/10.3390/su15054150,Lino Bianco,2023,academic_work,,"Conferences worldwide focus on a range of disciplines relating to the construction of the built environment. They tend to emphasize either the art or the science of building, the former focusing on architectural theory and design while the latter targets a range of topics from civil and/or building engineering to building physics. Vitruvius’s De Architectura Libri Decem is a seminal treatise more than two millennia old which addresses these themes in a holistic manner. This text remains valid today for students and professionals engaged in architecture and building engineering. Translated as Ten Books on Architecture, it not only presents an overall view of the disciplines of town planning, architecture and civil engineering, along with the qualifications required to practice them, but also addresses building materials, civil-engineering structures and the science influencing buildings. Although grounded in the practice and technology of Ancient Rome, the principles put forward in this treatise are still valid nowadays for effective, sustainable architectural-engineering design based on rigorous education and good knowledge of building materials and construction. Vitruvius’s definition of architecture—the one still customarily used—is an inclusive philosophical statement on the essence of building for humanity to house humanity. It recalls the symbiotic relation between architecture and building engineering that is often forgotten in the contemporary emphasis on specialization.",2026-10-05T10:38:04.267949+00:00,A
e83f84bca791bfdc,openalex,De Architectura water clock Ctesibius,Preliminary Material,https://doi.org/10.1163/9789004688704_001,Ingrid D. Rowland; Sinclair Bell,2024,academic_work,,,2026-10-05T10:38:04.268214+00:00,B
1e17ba1f85c28938,openalex,De Architectura water clock Ctesibius,Alexander's Metaphysics commentary and some scholastic understandings of automata,https://doi.org/10.25205/1995-4328-2020-14-1-7-25,G.S. Bowe,2020,academic_work,,"In this article, I argue that Albertus Magnus and Thomas Aquinas read a certain passage of Aristotle's Metaphysics on the nature of metaphysical curiosity in a way that is inconsistent with the earlier reading of the same passage by Alexander of Aphrodisias. The passage has to do with Aristotle's use of mechanical automata as a metaphor for kinetic mimesis in his metaphysics. The result of the variant reading of the passage in question is that these Scholastic readings emphasize universal causality as a vehicle of “wonder banishment” in metaphysics at the expense of recognizing the key metaphysical principle that Aristotle is suggesting. Such readings actually turn out to be difficult to maintain with the example of mechanical automata that Aristotle employs. I argue that the absence of the availability of Alexander's commentary to Albert and Aquinas contributes to their variant and inconsistent reading. There are three main parts and a conclusion. Part I discusses the passage from Aristotle's Metaphysics in question, which I call the thaumata passage, as well as Alexander's commentary on it. Part II discusses the unavailability of Alexander's commentary to Albert, Aquinas and their predecessors. Part III discusses the variant scholastic readings of the thaumata passage and how these readings, which take Aristotle's mechanical automata as chance occurrences result in an emphasis on wonder banishment through universal causal reasoning that is inconsistent with the example Aristotle uses in the thaumata passage. By way of conclusion I suggest that even had Alexander's commentary been available to Aquinas, he would have understood the passage as more akin to remarks on magic than to metaphysics.",2026-10-05T10:38:04.268295+00:00,B
b2a90e12bea1b913,crossref,De Architectura water clock Ctesibius,"De Architectura, Liber Decimus",https://doi.org/10.1016/b978-1-4832-8300-5.50017-3,M. Vitruvius Pollio,1648,book-chapter,,,2026-10-05T10:38:04.799207+00:00,A
1d43b622661bd2e9,crossref,De Architectura water clock Ctesibius,"De Architectura, Liber Quartus",https://doi.org/10.1016/b978-1-4832-8300-5.50011-2,M. Vitruvius Pollio,1648,book-chapter,,,2026-10-05T10:38:04.799225+00:00,A
02dc52d985bd2ea0,crossref,De Architectura water clock Ctesibius,"De Architectura, Liber Nonus",https://doi.org/10.1016/b978-1-4832-8300-5.50016-1,M. Vitruvius Pollio,1648,book-chapter,,,2026-10-05T10:38:04.799240+00:00,A
bf2601d450b2fced,crossref,De Architectura water clock Ctesibius,"De Architectura, Liber Octavus",https://doi.org/10.1016/b978-1-4832-8300-5.50015-x,M. Vitruvius Pollio,1648,book-chapter,,,2026-10-05T10:38:04.799255+00:00,A
8594f0190a67ffae,crossref,De Architectura water clock Ctesibius,"De Architectura, Liber Tertius",https://doi.org/10.1016/b978-1-4832-8300-5.50010-0,M. Vitruvius Pollio,1648,book-chapter,,,2026-10-05T10:38:04.799268+00:00,A
e635c00035c7645a,crossref,De Architectura water clock Ctesibius,"De Architectura, Liber Primus",https://doi.org/10.1016/b978-1-4832-8300-5.50008-2,M. Vitruvius Pollio,1648,book-chapter,,,2026-10-05T10:38:04.799282+00:00,A
ac4f5e33dc029bbb,crossref,De Architectura water clock Ctesibius,"De Architectura, Liber Quintus",https://doi.org/10.1016/b978-1-4832-8300-5.50012-4,M. Vitruvius Pollio,1648,book-chapter,,,2026-10-05T10:38:04.799296+00:00,A
386499b8a400416e,crossref,De Architectura water clock Ctesibius,"De Architectura, Liber Secundus",https://doi.org/10.1016/b978-1-4832-8300-5.50009-4,M. Vitruvius Pollio,1648,book-chapter,,,2026-10-05T10:38:04.799308+00:00,A
010237df2499ee16,crossref,De Architectura water clock Ctesibius,"De Architectura, Liber Septimus",https://doi.org/10.1016/b978-1-4832-8300-5.50014-8,M. Vitruvius Pollio,1648,book-chapter,,,2026-10-05T10:38:04.799322+00:00,A
cbdf8399ba801f05,crossref,De Architectura water clock Ctesibius,"De Architectura, Liber Sextus",https://doi.org/10.1016/b978-1-4832-8300-5.50013-6,M. Vitruvius Pollio,1648,book-chapter,,,2026-10-05T10:38:04.799335+00:00,A
a507603f74e67394,crossref,De Architectura water clock Ctesibius,De Architectura,https://doi.org/10.1016/c2013-0-13308-9,,1648,edited-book,,,2026-10-05T10:38:04.799358+00:00,A
26c58419f4b313f3,crossref,De Architectura water clock Ctesibius,Temporal evolution of clear-water local scour downstream of a weir,https://doi.org/10.22630/aspa.2026.25.4,Julia Górka; Marta Kiraga,2026,journal-article,,,2026-10-05T10:38:04.799372+00:00,B
8fb8c9508d3b3deb,crossref,De Architectura water clock Ctesibius,Præfatio,https://doi.org/10.1016/b978-1-4832-8300-5.50004-5,,1648,book-chapter,,,2026-10-05T10:38:04.799388+00:00,B
83162517e7ac21c6,crossref,De Architectura water clock Ctesibius,Lowering water level in an excavation for a multi-family residential building in urban development,https://doi.org/10.22630/aspa.2022.21.2.14,Grzegorz Wrzesiński,2023,journal-article,,,2026-10-05T10:38:04.799404+00:00,B
8c9856c8616ef64a,crossref,De Architectura water clock Ctesibius,"A study of rain water harvesting for sustainable water resource management in Nagaland, Northeast India – a review",https://doi.org/10.22630/aspa.2022.21.4.30,Lamneithem Hangshing; Dhanasingh Sivalinga Vijayan; Arvindan Sivasuriyan,2023,journal-article,,,2026-10-05T10:38:04.799421+00:00,B
578d4b52a5c310fb,crossref,De Architectura water clock Ctesibius,De Sculptura,https://doi.org/10.1016/b978-1-4832-8300-5.50029-x,Pomponius Gauricus,1648,book-chapter,,,2026-10-05T10:38:04.799438+00:00,B
f06af51b020f86e6,crossref,De Architectura water clock Ctesibius,Influence of durability of waterproofing solutions terraces protecting against water and moisture,https://doi.org/10.22630/aspa.2022.21.3.20,Barbara Francke; Leonard Runkiewicz,2023,journal-article,,,2026-10-05T10:38:04.799458+00:00,B
4076aa92ce5ee7a0,crossref,De Architectura water clock Ctesibius,Elementa Architecturæ,https://doi.org/10.1016/b978-1-4832-8300-5.50003-3,,1648,book-chapter,,,2026-10-05T10:38:04.799473+00:00,B
cb33c7b34d2b889a,openalex,Ctesibius clepsydra archaeology,"Observations on an Egyptian Calendar, of the Reign of Philip Aridæus, in the Possession of Thomas Hart, Esq., of Reigate",https://doi.org/10.1080/00665983.1850.10850773,Sam. Birch,1850,academic_work,,"THE curious monument, the subject of the following remarks, is of unusual interest to the archaeologist, as belonging to a period of which, on account of the brief duration of the reign of Aridaeus, whose name it bears, very few remains have been discovered, or are to be found in the collections of Europe.The discovery of this sculptured fragment, therefore, although merely a small portion of the original monument, which appears to have been a kind of vase, formed of basalt, is an important addition to the memorials of its age.It has been happily recovered from oblivion, having been noticed amongst the miscellaneous objects of curiosity, formerly in the possession of an eminent local antiquary in Surrey, the late Mr. Thomas G-lover, whose valuable contributions to the history of that county are well known, and now belonging to Mr. Thomas Hart, of Reigate, to whom they descended by marriage.The discovery was accidentally made by Mr. Way, who forthwith, being struck with the singular nature of the object, as an Egyptian Calendar, obtained the ready permission of the owner to bring it before the Institute.It is to be regretted that no information can now be obtained regarding the part of Egypt whence it was brought, or even the means by which the relic came into Mr. Glover's possession.Its value as an historical monument appears to have been wholly unknown; it was probably brought back from the Egyptian campaign by some English officer, desirous of gratifying the curiosity of his friend or neighbour, Mr. Glover, whose collections were very VOL.VII.",2026-10-05T10:38:05.721069+00:00,B
5d3d78cab0bcc3ed,crossref,Ctesibius clepsydra archaeology,الـساعة المائية فى مصر القديمة THE CLEPSYDRA (WATER CLOCK) IN ANCIENT EGYPT,https://doi.org/10.21608/jatmust.2022.253379,Abdelrahman Abdelrahman,2022,journal-article,,,2026-10-05T10:38:06.380031+00:00,B
53ba83f9ea03fca5,crossref,Ctesibius water clock scholarly article,Against baseball’s new pitch clock,https://doi.org/10.64628/aai.tn34gvfq3,Alva Noë,2023,posted-content,,,2026-10-05T10:38:08.094938+00:00,B
7de46f501d7ad936,crossref,Ctesibius water clock scholarly article,"Unlocking Scholarly Article Insights: Creating a Scholarly Article Content Extraction Tool –Objectives, Methodology, and a Comparative Analysis of Summary Results",https://doi.org/10.21203/rs.3.rs-5961778/v1,Wei Ma; Michael E. Spagna,2025,posted-content,,,2026-10-05T10:38:08.094960+00:00,B
71efc3680caaa578,crossref,Ctesibius water clock scholarly article,Untitled Article,https://doi.org/10.66857/srh4-53f9,Author Contributor,2026,journal-article,,,2026-10-05T10:38:08.094980+00:00,B
b59fed492d7a76c7,crossref,Ctesibius water clock scholarly article,Untitled Article,https://doi.org/10.66857/kjm9-1932,Author Contributor,2026,journal-article,,,2026-10-05T10:38:08.094994+00:00,B
4341c7ff96957c37,crossref,Ctesibius water clock scholarly article,"Tick, tock, where’s your brain’s clock?",https://doi.org/10.64628/aa.jp4m6uhjg,Frank Giorlando,2011,posted-content,,,2026-10-05T10:38:08.095010+00:00,B
48e42f1ec4215c3d,crossref,Ctesibius water clock scholarly article,Untitled Article,https://doi.org/10.66857/1672-32a1,Author Contributor,2026,journal-article,,,2026-10-05T10:38:08.095025+00:00,B
e6f6cb7b7b8d3519,crossref,Ctesibius water clock scholarly article,Untitled Article,https://doi.org/10.66857/mg99,Author Contributor,2026,journal-article,,,2026-10-05T10:38:08.095038+00:00,B
1fdc6ea995f335d7,crossref,Ctesibius water clock scholarly article,Untitled Article,https://doi.org/10.66857/eri1-276f,Author Contributor,2026,journal-article,,,2026-10-05T10:38:08.095051+00:00,B
3a97756f360b44da,crossref,Ctesibius water clock scholarly article,Untitled Article,https://doi.org/10.66857/srh5-8fc2,Author Contributor,2026,journal-article,,,2026-10-05T10:38:08.095064+00:00,B
71ee4873a0d61173,crossref,Ctesibius water clock scholarly article,Untitled Article,https://doi.org/10.66857/kjm9-d188,Author Contributor,2026,journal-article,,,2026-10-05T10:38:08.095077+00:00,B
293fb5e1a68cbd45,crossref,Ctesibius water clock scholarly article,Untitled Article,https://doi.org/10.66857/srh4-67f7,Author Contributor,2026,journal-article,,,2026-10-05T10:38:08.095089+00:00,B
ce2662618743cef5,crossref,Ctesibius water clock scholarly article,Untitled Article,https://doi.org/10.66857/1929,Author Contributor,2026,journal-article,,,2026-10-05T10:38:08.095101+00:00,B
85825be0e73cfd6f,crossref,Ctesibius water clock scholarly article,Untitled Article,https://doi.org/10.66857/mg95,Author Contributor,2026,journal-article,,,2026-10-05T10:38:08.095113+00:00,B
207cc4f3a265f95b,crossref,Ctesibius water clock scholarly article,Untitled Article,https://doi.org/10.66857/mg91,Author Contributor,2026,journal-article,,,2026-10-05T10:38:08.095125+00:00,B
3adaa484d771668f,crossref,Ctesibius water clock scholarly article,Untitled Article,https://doi.org/10.66857/srh4-3c8a,Author Contributor,2026,journal-article,,,2026-10-05T10:38:08.095137+00:00,B
ae4f22846df5aaaf,crossref,Ctesibius water clock scholarly article,Untitled Article,https://doi.org/10.66857/2585,Author Contributor,2026,journal-article,,,2026-10-05T10:38:08.095149+00:00,B
f587ba34cbd917e7,crossref,Ctesibius water clock scholarly article,Untitled Article,https://doi.org/10.66857/srh4-549c,Author Contributor,2026,journal-article,,,2026-10-05T10:38:08.095161+00:00,B
3523d0d6253add11,crossref,Ctesibius water clock scholarly article,Untitled Article,https://doi.org/10.66857/jih7-4f0e,Author Contributor,2026,journal-article,,,2026-10-05T10:38:08.095173+00:00,B
7befddf94aae8e7f,openalex,Ctesibius hydraulic clock reconstruction paper,"Architecture, Automata, and Artificial Memory",https://khorein.ifdt.bg.ac.rs/index.php/ch/article/view/124,Andrew Witt,2026,academic_work,,"Artificial memory is an essential precondition for automata,one with a rich collection of conceptual and technical precedents.This paper frames artificial memory as both a technical media and a modeof spatial experiment, arguing that the intersection of mechanical and spatialinvention catalyzed early experiments in automaton memory. Morespecifically, seventeenth century architects played pivotal and surprisingroles in the development of artificial “memory architectures” throughtheir work in the creation of large-scale reprogrammable musical automata.In these early, perhaps original, forms of automata memory, we seenot only the provocative roots of autonomous machines but also a powerfuland expansive view of the architect as transdisciplinary inventor.",2026-10-05T10:38:08.792703+00:00,E
2ef8a255a02341e2,crossref,Ctesibius hydraulic clock reconstruction paper,Hydraulic Component for High Pressure Hydraulic Systems,https://doi.org/10.4271/861677,John Halat,1986,proceedings-article,,,2026-10-05T10:38:09.390153+00:00,B
70f7447c39406730,crossref,Ctesibius hydraulic clock reconstruction paper,Hydraulic Balancing to Improve Reliability of Military Hydraulic Components,https://doi.org/10.4271/881297,Robert Affouard,1988,proceedings-article,,,2026-10-05T10:38:09.390194+00:00,B
a4b77d68b16cca92,crossref,Ctesibius hydraulic clock reconstruction paper,Hydraulic Balancing and New European Design of Hydraulic Components,https://doi.org/10.4271/841109,Robert Affouard,1984,proceedings-article,,,2026-10-05T10:38:09.390208+00:00,B
a2bda90bcaff77b0,crossref,Ctesibius hydraulic clock reconstruction paper,Supplemental Information 4: Our relaxed-clock phylogenetic reconstruction derived from morphological data.,https://doi.org/10.7717/peerj.14414/supp-4,,,component,,,2026-10-05T10:38:09.390222+00:00,B
5882732d15634873,crossref,Ctesibius hydraulic clock reconstruction paper,Saving Hydraulic Horsepower Using Pneumatic Actuated Clutch in Mobile Hydraulic Systems,https://doi.org/10.4271/952108,R. Douglas MacDonald,1995,proceedings-article,,,2026-10-05T10:38:09.390235+00:00,B
ffef35e73bdeee7c,crossref,Ctesibius hydraulic clock reconstruction paper,Restoration and reconstruction of hydraulic schemes,https://doi.org/10.1201/b16672-43,,2014,book-chapter,,,2026-10-05T10:38:09.390248+00:00,B
2339fb7d1661ce8f,crossref,Ctesibius hydraulic clock reconstruction paper,Limb Reconstruction Review BLRS &amp; Limb Reconstruction - Free Paper Session: Q&amp;A 2,https://doi.org/10.1302/3114-221805,,2022,dataset,,,2026-10-05T10:38:09.390260+00:00,B
e12b39872479c5f1,crossref,Ctesibius hydraulic clock reconstruction paper,Limb Reconstruction Review BLRS &amp; Limb Reconstruction Free Paper Session: Q&amp;A 3,https://doi.org/10.1302/3114-221809,,2022,dataset,,,2026-10-05T10:38:09.390273+00:00,B
58908d5f48dc1e04,crossref,Ctesibius hydraulic clock reconstruction paper,Hydraulic Power and Cooling Capacity Available from Agricultural Tractors for Operating Hydraulic Motors,https://doi.org/10.4271/941713,Gary L. Dostal,1994,proceedings-article,,,2026-10-05T10:38:09.390285+00:00,B
c9dffc8084257a2a,crossref,Ctesibius hydraulic clock reconstruction paper,Hydraulic Pump Testing Procedures to Evaluate Lubrication Performance of Hydraulic Fluids,https://doi.org/10.4271/952092,G. E. Totten; R. J. Bishop,1995,proceedings-article,,,2026-10-05T10:38:09.390298+00:00,B
7a8832af8c9cbadc,crossref,Ctesibius hydraulic clock reconstruction paper,The Hydraulic Pump Inlet Condition: Impact on Hydraulic Pump Cavitation Potential,https://doi.org/10.4271/1999-01-1877,G. E. Totten; R. J. Bishop,1999,proceedings-article,,,2026-10-05T10:38:09.390311+00:00,B
89be1fe049f03659,crossref,Ctesibius hydraulic clock reconstruction paper,Hydraulic-mining debris in the Sierra Nevada,https://doi.org/10.3133/pp105,G. K. Gilbert,1917,report-component,,,2026-10-05T10:38:09.390324+00:00,B
e0f9742b71cf41bc,crossref,Ctesibius hydraulic clock reconstruction paper,A Microprocessor Approach to a Clock Design,https://doi.org/10.4271/830204,Thomas A. Spoto,1983,proceedings-article,,,2026-10-05T10:38:09.390336+00:00,B
0da090a828021e18,crossref,Ctesibius hydraulic clock reconstruction paper,Water-Glycol Hydraulic Fluids: Conversion and Troubleshooting of Mineral Oil Hydraulic Systems,https://doi.org/10.4271/2000-01-2589,G. E. Totten; R. J. Bishop,2000,proceedings-article,,,2026-10-05T10:38:09.390348+00:00,B
13ef5eba3cceeab2,crossref,Ctesibius hydraulic clock reconstruction paper,Hydraulic Fluidics,https://doi.org/10.4271/670736,C. K. Taft,1967,proceedings-article,,,2026-10-05T10:38:09.390359+00:00,B
9af61ee9c4edceb3,crossref,Ctesibius clepsydra dissertation,"Clepsydra - Arthur Wellesley Parsons: Klepsydra and the Paved Court of the Pythion. (Johns Hopkins dissertation.) Reprinted from Hesperia, vol. xii. Pp. 191–267; 42 figures. Baltimore: Johns Hopkins Press, 1943. Paper.",https://doi.org/10.1017/s0009840x00097262,D. S. Robertson,1944,journal-article,,,2026-10-05T10:38:10.727898+00:00,B
84e6d62b6d39deac,openalex,Ctesibius water clock thesis,Uchronie: Revisiting Analogue Computing to Expand the Language of A/V Synthesis,https://doi.org/10.14236/ewic/eva2015.21,Mat Dalgleish; Chris Payne; Richard Burn,2015,academic_work,,"Compared to acoustic instruments, the evolution of the synthesizer has been rapid but fragmented. With reference to the theory of Chion, Uchronie explores the audiovisual possibilities of borrowing from general-purpose analogue computers. These were briefly explored in the 1960s, but have since been neglected in favour of more conventional musical processes and associated language.",2026-10-05T10:38:11.782369+00:00,B
6a3111a2244b4165,openalex,Ctesibius water clock thesis,Aspects on Robust Control and Identification,http://www.doria.fi/handle/10024/168909,S. Tötterman,2019,academic_work,,"This thesis treats different aspects on robust controller design and model identification techniques. The controller design technique proposes frequency-domain specifications for achieving a fixed-structure controller with user specified optimality criteria. The optimization based design method is iterative and it is based on direct shaping of the frequency responses without a need to explicitly design any weighting filters in contrast to classic loop-shaping methods. Computational efficiency has been taken into account by utilizing linear matrix equations for characterizing the frequency responses in the time-domain. The proposed controller design method can be used for designing any type of linear controllers, e.g. PID-type controllers, for identified linear systems. Support vector regression (SVR) has several inherent excellent features that can with advantage be utilized in robust system identification. One of these is the usage of Vapnik’s İ-insensitive loss function that gives robustness and insensitivity to overtraining. Other features are the automatic computing of the parameters used in SVR and the convex optimization that guarantees to always find the global optimum. SVR has in this thesis been tailored by modifying the kernel function to better fit several common model identification problems. These are identification of state-dependent parameter models or quasi-ARX models, smoothness priors models of linear systems and nonlinear Wiener models. All these proposed identification methods have been applied to examples of different systems. The results have been either as good or even better compared to other corresponding methods.",2026-10-05T10:38:11.782463+00:00,E
00791046ffb2cdfb,openalex,Ctesibius water clock thesis,A tribo-dynamic solution for the flexible piston skirt and liner conjunction,https://figshare.com/articles/A_tribo-dynamic_solution_for_the_flexible_piston_skirt_and_liner_conjunction/9530294,Bryn Littlefair,2013,academic_work,,A Doctoral Thesis. Submitted in partial fulfilment of the requirements for the award of Doctor of Philosophy of Loughborough University.,2026-10-05T10:38:11.782572+00:00,B
fa3f3ba19b82ceb2,crossref,Ctesibius water clock thesis,Introducing the Thesis This first Chapter provides an introduction to the thesis by presenting the topic and structure of the thesis.,https://doi.org/10.1201/b10531-8,,2009,book-chapter,,,2026-10-05T10:38:12.479881+00:00,B
0dff52a5c71d4a81,crossref,Ctesibius water clock thesis,Water stress detection using radar,https://doi.org/10.31237/osf.io/943hr,Tim van Emmerik,2017,posted-content,,,2026-10-05T10:38:12.479971+00:00,B
3fa3fa5ae2cb0198,crossref,Ctesibius water clock thesis,Water stress detection using radar,https://doi.org/10.31237/osf.io/943hr_v1,Tim van Emmerik,2017,posted-content,,,2026-10-05T10:38:12.479990+00:00,B
7ce6d3a8eea2a022,crossref,Ctesibius water clock thesis,Review Essay: Water and Culture in Australia: Some Alternative Perspectives,https://doi.org/10.1177/0725513610372395,Kirsten Henderson,2010,journal-article,,,2026-10-05T10:38:12.480018+00:00,B
614c49d08b65d611,crossref,Ctesibius water clock thesis,An institutional analysis of China’s South-to-North water diversion,https://doi.org/10.1177/0725513618822419,Mark Wang; Chen Li,2019,journal-article,,,2026-10-05T10:38:12.480033+00:00,B
0882c6ca758e6f9d,crossref,Ctesibius water clock thesis,Are we there yet? The Murray-Darling Basin and sustainable water management,https://doi.org/10.1177/0725513618821970,Jamie Pittock,2019,journal-article,,,2026-10-05T10:38:12.480050+00:00,B
ec88dc5f489becdd,crossref,Ctesibius water clock thesis,DOWNFLOW FORCED-CONVECTION BOILING OF WATER IN UNIFORMLY HEATED TUBES (thesis),https://doi.org/10.2172/4824083,R.M. Wright,1961,report,,,2026-10-05T10:38:12.480063+00:00,B
600c16329c843261,crossref,Ctesibius water clock thesis,Determination of oil/water and octanol/water distribution coefficients from aqueous solutions from four fossil fuels. [MS thesis; in oil-water and octanol-water],https://doi.org/10.2172/7089831,B.L. Thomas,1984,report,,,2026-10-05T10:38:12.480102+00:00,B
10da7dc3395ab840,crossref,Ctesibius water clock thesis,A game theory approach for drinking water supply chain management considering water pricing and government intervention,https://doi.org/10.31237/osf.io/5wdtn,Mobin Zarreh,2024,posted-content,,,2026-10-05T10:38:12.480115+00:00,B
80cfe69d26af4e5f,crossref,Ctesibius water clock thesis,A game theory approach for drinking water supply chain management considering water pricing and government intervention,https://doi.org/10.31237/osf.io/rt5ec,Mobin Zarreh,2024,posted-content,,,2026-10-05T10:38:12.480128+00:00,B
54104b663b63a999,crossref,Ctesibius water clock reconstruction,Surgical reconstruction of the right ventricular outflow tract -- The clock is still ticking,https://doi.org/10.22541/au.162160114.41870044/v1,Filippo Rapetto; Massimo Caputo; Gianni Angelini,2021,posted-content,,,2026-10-05T10:38:13.921317+00:00,B
02f698f21e5a9a5a,crossref,Ctesibius water clock reconstruction,Mechanism for the N–Ni(100) clock reconstruction,https://doi.org/10.1016/s0042-207x(98)00316-9,Chang Q Sun,1999,journal-article,,,2026-10-05T10:38:13.921333+00:00,B
2ba2871bd085f120,crossref,Ctesibius water clock reconstruction,Clock jitter in sampling and reconstruction,https://doi.org/10.1109/icassp.2014.6853905,Bede Liu,2014,proceedings-article,,,2026-10-05T10:38:13.921349+00:00,B
997120ae02a3c020,crossref,Ctesibius water clock reconstruction,Figure 3: Time-calibrated phylogenetic tree based on Bayesian relaxed-clock analyses (A) and reconstruction of the ancestral geopositioned nodes (B –G).,https://doi.org/10.7717/peerj.11737/fig-3,,,component,,,2026-10-05T10:38:13.921365+00:00,B
88d209f56010254b,crossref,Ctesibius water clock reconstruction,Reconstruction of the phase dynamics of the somitogenesis clock oscillator,https://doi.org/10.1101/743724,Lucas J. Morales Moya; J. Kim Dale; Philip J. Murray,2019,posted-content,,,2026-10-05T10:38:13.921398+00:00,B
d56b36e325d8d6b4,crossref,Ctesibius water clock reconstruction,CLOCK CONTROL SEQUENCE RECONSTRUCTION IN THE GENERALIZED SHRINKING GENERATOR,https://doi.org/10.5220/0002118402590262,,2007,proceedings-article,,,2026-10-05T10:38:13.921411+00:00,B
581785955e999c5d,openalex,Ctesibius clepsydra model,Direct simulation studies of suspended particles and fibre-filled suspensions,http://hdl.handle.net/2123/554,C.G. Joung,2003,academic_work,,"A new Direct Simulation ﬁbre model was developed which allowed ﬂexibility in the ﬁbre during the simulation of ﬁbre suspension ﬂow.This new model was called the 'Chain-of-Spheres' model.It was hypothesised that particle shape and deformation could signiﬁcantly aﬀect particle dynamics,and also suspension bulk properties such as viscosity.Data collected from the simulation showed that ﬂexible ﬁbres in shear ﬂow resulted in an order of 7 −10% bulk relative viscosity increase over the 'rigid' ﬁbre result.Results also established the existence of a relationship between bulk viscosity and particle stiﬀness. In comparison with experimental results,other more conventional rigid ﬁbre based methods appeared to underpredict relative viscosity.The ﬂexible ﬁbre method thus markedly improved the ability to estimate relative viscosity.The curved rigid ﬁbre suspension also exhibited increased viscosity of the order twice that of the equivalent straight rigid ﬁbre suspension.With such sensitivity to ﬁbre shape,this result has some important implications for the quality of ﬁbre inclusions used.For consistent viscosity,the shape quality of the ﬁbres was shown to be important. The 'Chain of Spheres' simulation was substantially extended to create a new simulation method with the ability to model the dynamics of arbitrarily shaped particles in the Newtonian ﬂow ﬁeld.This new '3D Particle' simulation method accounted for the inertial force on the particles,and also allowed particles to be embedded in complex ﬂow ﬁelds.This method was used to reproduce known dynamics for common particle shapes,and then to predict the unknown dynamics of various other particle shapes in shear ﬂow. In later sections, the simulation demonstrated inertia-induced particle migration in the non-linear shear gradient Couette cylinder ﬂow,and was used to predict the ﬁbre orientation within a diverging channel ﬂow.The performance of the method was veriﬁed against known experimental measurements,observations and theoretical and numerical results where available.The comparisons revealed that the current method reproduced single particle dynamics with great ﬁdelity. The broad aim of this research was to better understand the microstructural dynamics within the ﬁbre-ﬁlled suspension and from it,derive useful engineering information on the bulk ﬂow of these ﬂuids.This thesis represents a move forward to meet this broad aim.It is hoped that future researchers may beneﬁt from the new approaches and algorithms developed here.",2026-10-05T10:38:14.874568+00:00,E
5d8e70af3701ff6e,openalex,Ctesibius clepsydra model,“Artificial Intelligence”: Philosophical Aspects of Understanding,https://doi.org/10.24234/wisdom.v17i1.428,Oleg Aleksandrovich Naumenko; Utkir SAPAEV; Alla SKATERSHCHIKOVA; Rauf R. Bekbaev,2021,academic_work,,"The problem of “artificial intelligence” is becoming more and more relevant today. This topic is also of great interest to philosophers. This article considers primarily a retrospective analysis of the study of the possibilities of artificially created mechanisms that first perform primitive actions and then more complex ones, including thought processes. Then the article provides a particular philosophical analysis of the concept of “artificial intelligence”, its capabilities and potential danger.",2026-10-05T10:38:14.874646+00:00,B
49a2fc6ece316ac7,openalex,Ctesibius hydraulic clock experiment,Index,https://doi.org/10.1002/9783433609613.index,Bill Addis,2020,academic_work,,acoustic model material aluminium sheet,2026-10-05T10:38:16.344174+00:00,B
239459b5ccc0d79f,crossref,Ctesibius hydraulic clock experiment,Geostationary Satellite Day–Night Clock Difference：A Discriminating Experiment,https://doi.org/10.2139/ssrn.6494140,Xu Yuchuan,2026,posted-content,,,2026-10-05T10:38:17.018858+00:00,B
0639011de8b05e0f,crossref,Ctesibius hydraulic clock experiment,High Accuracy Clock Synchronization Experiment and Results from Preliminary Experiment,https://doi.org/10.2514/6.2006-5744,Shinichi Nakamura; Nobuo Kudo; Seiji Katagiri,2006,proceedings-article,,,2026-10-05T10:38:17.018903+00:00,B
c5646d787ad09724,crossref,Ctesibius hydraulic clock experiment,Experiment and Numerical Study of Hydraulic Fracturing Combined Traditional Hydraulic and Pulse Hydraulic,https://doi.org/10.2139/ssrn.4677613,Bo Zhang; Chundi Zhu; Wei Chao; Jiandong Sun; Haibo Li; Yanjun Zhao,2023,posted-content,,,2026-10-05T10:38:17.018918+00:00,B
234f6bb382403ecc,crossref,Ctesibius hydraulic clock experiment,433. A Proposed Hydraulic Experiment,https://doi.org/10.1017/cbo9780511704017.086,,2009,book-chapter,,,2026-10-05T10:38:17.018932+00:00,B
8c580bf4e9d22df7,crossref,Ctesibius hydraulic clock experiment,Rulison Field massive hydraulic fracturing experiment. Final report,https://doi.org/10.2172/5446889,M. Jr. Reynolds,1977,report,,,2026-10-05T10:38:17.018944+00:00,B
ce31aed0829cfce5,crossref,Ctesibius hydraulic clock experiment,Experimental Observations of Hydraulic Fracturing,https://doi.org/10.1002/9781119742487.ch4,Guangqing Zhang; Dawei Zhou,2022,other,,,2026-10-05T10:38:17.018966+00:00,B
c36c2c7085c77e92,crossref,Ctesibius hydraulic clock experiment,Analysis of a Constant Height Hydraulic Fracture,https://doi.org/10.1002/9781119742487.ch11,E.V. Dontsov,2022,other,,,2026-10-05T10:38:17.018978+00:00,B
bed52011c6f1af92,crossref,Ctesibius hydraulic clock experiment,Hydraulic Fracture Geometry from Mineback Mapping,https://doi.org/10.1002/9781119742487.ch1,R. G. Jeffrey,2022,other,,,2026-10-05T10:38:17.018989+00:00,B
65fee0f83801b5e1,crossref,Ctesibius hydraulic clock experiment,Synchronized Clock Experiment,https://doi.org/10.1109/freq.1959.199390,R. Bridgham; G. Winkler; F.H. Reder,1959,proceedings-article,,,2026-10-05T10:38:17.019002+00:00,B
8b96db6d72db8bf9,crossref,Ctesibius hydraulic clock experiment,Pendulum air movement: A failed experiment,https://doi.org/10.1093/acprof:oso/9780198529712.003.0028,Robert James Matthys,2004,book-chapter,,,2026-10-05T10:38:17.019015+00:00,B
bf5251558c54a7e3,crossref,Ctesibius hydraulic clock experiment,Discrete Element Modeling of Hydraulic Fracturing,https://doi.org/10.1002/9781119742487.ch12,Mengli Li; Fengshou Zhang,2022,other,,,2026-10-05T10:38:17.019027+00:00,B
f3343ac9f6128526,crossref,Ctesibius hydraulic clock experiment,Plasticity,https://doi.org/10.1002/9781119742487.ch9,Panos Papanastasiou,2022,other,,,2026-10-05T10:38:17.019039+00:00,B
ea424c9b6935cb72,crossref,Ctesibius hydraulic clock experiment,Front Matter,https://doi.org/10.1002/9781119742487.fmatter,,2022,other,,,2026-10-05T10:38:17.019051+00:00,B
681c5954b8b0f42a,crossref,Ctesibius hydraulic clock experiment,An experiment in measuring the hydraulic pressures in the peplines of hydraulic systems,https://doi.org/10.1016/0022-4898(66)90067-x,,1966,journal-article,,,2026-10-05T10:38:17.019062+00:00,B
b240053f136b5cb3,openalex,horloge à eau de Ctésibios,De Ctésiphon à Bagdad : héritage technique perse à la cour abbasside ?,https://doi.org/10.30682/annalesm2402b,Alessia Zubani,2025,academic_work,,"A variety of sources report that the Sasanian king Khusraw II (r. 590-628) commissioned the construction of an imposing throne designed to celebrate his prowess as a ruler and the grandeur of the Sasanian dynasty. These sources describe the throne as a complex machine capable of movement, recreating natural sounds, and computing time. Approximately a century after the fall of the Sasanian Empire, the Abbasid Caliph al-Manṣūr (r. 754-775) founded a new capital for his empire, Bagdad. Following the example of the Sasanians, whom the Abbasids considered as a model of political authority, the caliphal court maintained a collection of ingenious devices. A comparative study of these instruments in the Sasanian and Abbasid courts reveals their significant political function and question the possible Abbasids’ recovery and integration of Sasanian technical knowledge and motifs into the Islamic context.",2026-10-05T10:38:17.833481+00:00,B
49c30b8504ec0dcd,openalex,horloge à eau de Ctésibios,Opticien célèbre. Zhang Heng 张衡,https://doi.org/10.1051/photon/20189316,Riad Haïdar,2018,academic_work,,"Astronome, mathématicien, ingénieur et poète chinois, Zhang Heng a vécu pendant la dynastie Han qui régna sur la Chine de 206 avant J.-C. à 220 après J.-C. Il est connu pour sa connaissance étendue des engrenages et de la mécanique, et pour avoir inventé le premier sismographe, ainsi que la sphère armillaire à énergie hydraulique pour représenter les observations astronomiques. Il a également perfectionné la clepsydre, et amélioré les calculs chinois de la formule du nombre π.",2026-10-05T10:38:17.833524+00:00,B
3707a32a46d56966,openalex,horloge à eau de Ctésibios,Null controllability of a Korteweg-de Vries equation and of a coupled parabolic equations system. Stabilisation in finite time by means of non-stationary feedback,https://doi.org/10.70675/17ff5d9az8f9bz4905z977ezcb33460acc73,Jean-Philippe Guilleron,2016,academic_work,,"Contrôlabilité d'une équation de Korteweg-de Vries et d'un système d'équations paraboliques couplées. Stabilisation en temps fini par des feedbacks instationnaires Ce doctorat porte sur trois domaines de la théorie du contrôle : le contrôle par le bord d'une équation de Korteweg-de Vries, le contrôle de trois équations de la chaleur couplées par des termes cubiques et la stabilisation en temps fini de trois systèmes classiques de dimension finie. Pour l'équation de Korteweg-de Vries, on démontre d'abord une inégalité de Carleman en utilisant un poids exponentiel bien choisi, puis on en déduit la contrôlabilité à 0 de l'équation. Pour le système de trois équations de la chaleur couplées par des termes cubiques, on montre la contrôlabilité à 0 globale alors que le linéarisé autour de 0 n'est pas contrôlable. On applique la méthode du retour pour obtenir la contrôlabilité locale : on construit des trajectoires du système de contrôle allant de 0 à 0 et ayant un linéarisé contrôlable. Puis un changement d'échelle permet d'obtenir un résultat global. Enfin, concernant les trois systèmes de dimension finie, il s'agit de systèmes contrôlables mais à linéarisés non contrôlables et qui ne sont pas stabilisables à l'aide de feedbacks stationnaires (continus). On construit des feedbacks explicites dépendant du temps conduisant à une stabilisation en temps fini. Pour cela on s'occupe de différentes parties du systèmes pendant différents intervalles de temps.",2026-10-05T10:38:17.833548+00:00,B
d9aea1f7ffcfe454,openalex,horloge à eau de Ctésibios,Contrôlabilité d'une équation de Korteweg-de Vries et d'un système d'équations paraboliques couplées. Stabilisation en temps fini par des feedbacks instationnaires,https://hal.science/tel-01446511v1,Jean-Philippe Guilleron,2016,academic_work,,"This doctoral thesis focuses on three fields of Control Theory: the control on the edge of the Korteweg-de Vries equation, the control of three heat equations coupled by cubic terms, and the stabilisation in finite time of three classic systems of finite dimension. For the KdV equation, we first demonstrate a Carleman inequality using a well-chosen exponential weight, then we deduce the controllability at zero of the equation. For the system of three heat equations coupled by cubic terms, we show the global controllability at zero even though the linearized system around zero is not controllable. We apply the return method to obtain local controllability: we build control system trajectories going from zero to zero and whose linearised systems are controllable. Then a scale change allows us to obtain a global result. Finally, concerning the three systems of finite dimension, these systems are controllable systems but the linearised systems are not controllable and are not stabilised with means of continuous stationary feedback. We construct an explicit time-dependent feedback leading to a stabilisation in finite time. For this we deal with different parts of systems during different intervals of time.",2026-10-05T10:38:17.833584+00:00,E
b7eb54e030be9e6b,openalex,horloge à eau de Ctésibios,L'hydraulique dans l'antiquité,https://doi.org/10.1051/lhb/1982022,J. Bonin,1982,academic_work,,,2026-10-05T10:38:17.833622+00:00,B
56b25b2f91fb8c24,openalex,horloge à eau de Ctésibios,[S3] Les quatre filières d'origine et le Web,https://archinfo24.hypotheses.org/6477,"Epron, Benoit",2023,academic_work,,"Objectifs de la séquence 3 Repérer les traditions différentes des filières industrielles de production de l'information En comprendre les évolutions et leur arrivée dans le numérique Repérer les présupposés et origines sociales des choix techniques et économiques du web Des filières techniques aux traditions différentes Pour introduire cette séquence, je vous propose un court diaporama. Il s'agit de prolonger les réflexions sur les particularités de l'économie du document en suggérant qu'ell...",2026-10-05T10:38:17.833638+00:00,E
5f090a5fc2f0695d,crossref,horloge à eau de Ctésibios,Horloge,https://doi.org/10.1163/9789004206106_eifo_dum_dcl724,,,dataset,,,2026-10-05T10:38:18.434928+00:00,B
8355403c4792e7b5,crossref,horloge à eau de Ctésibios,HORLOGE,https://doi.org/10.1163/_eifo_dum_dcl724,,,dataset,,,2026-10-05T10:38:18.434959+00:00,B
8879d327c9cb2941,crossref,horloge à eau de Ctésibios,Horloge atomique compacte à cellule de césium de haute performance,https://doi.org/10.70675/0e50b238z4ef1z4aedzbfd2z5c23c2a3e285,Juliette Breurec,,dissertation,,,2026-10-05T10:38:18.434982+00:00,B
4407dfdb90f288be,crossref,horloge à eau de Ctésibios,Analyse et réduction des sources d'instabilitè de fréquence dans une horloge CPT compacte,https://doi.org/10.70675/555fb42az0b9cz42a5zba8bzce9d216cf94d,Francois Tricot,,dissertation,,,2026-10-05T10:38:18.435005+00:00,B
b45370cea912c04d,crossref,horloge à eau de Ctésibios,Module physique intégré pour horloge atomique miniature à cellule de césium,https://doi.org/10.70675/c66b6790z28b2z4f62za828z5c5b120670d3,Rémy Vicarini,,dissertation,,,2026-10-05T10:38:18.435026+00:00,B
1d84f94051db8764,crossref,horloge à eau de Ctésibios,Interconnexion entre horloge circadienne et régulation de la fonction inflammasome de NLRP3 - implication dans le développement des pathologies CAPS,https://doi.org/10.70675/1b2c1a3fzcecfz4e71zaba5zbb861264d8db,Léa Bardoulet,,dissertation,,,2026-10-05T10:38:18.435047+00:00,B
38403552e4d86dd4,crossref,horloge à eau de Ctésibios,Eau de Cologne – eklatant,https://doi.org/10.1515/9783110910445.1,,2004,book-chapter,,,2026-10-05T10:38:18.435071+00:00,B
661394459443d004,crossref,horloge à eau de Ctésibios,Horloge atomique microonde à technologie de microcellule améliorée et régime d’interrogation impulsionnel,https://doi.org/10.70675/24ac4a98z2d7ez4ef6z9c7bz8ad6c32043e6,Clément Carlé,,dissertation,,,2026-10-05T10:38:18.435093+00:00,B
91468fe4a4f7b07e,crossref,horloge à eau de Ctésibios,Etude et réalisation de sources stables microondes à base de résonateur BAW pour micro-horloge atomique au Césium,https://doi.org/10.70675/58ff8423z76bbz40a2zac4ez0eb5e2033032,Mingdong Li,,dissertation,,,2026-10-05T10:38:18.435117+00:00,B
27450b178db93321,crossref,horloge à eau de Ctésibios,Horloge atomique à piégeage cohérent de population du césium en cellule : limitations à la stabilité de fréquence,https://doi.org/10.70675/345c1bb5z4798z4a32zbb0ez9c6ed75c4660,Jean-Marie Danet,,dissertation,,,2026-10-05T10:38:18.435140+00:00,B
3316797c7603760f,crossref,horloge à eau de Ctésibios,Horloge atomique Cs à piégeage cohérent de population avec protocole d’interrogation Auto-Balanced Ramsey,https://doi.org/10.70675/82d4fa79z8606z471ez8106zb280b9e7474d,Grégoire Coget,,dissertation,,,2026-10-05T10:38:18.435162+00:00,B
9ac0fe6eed79fcfe,crossref,horloge à eau de Ctésibios,Thermodynamique de la réponse électrique dans les isolants de bande - Synchronisation et écho de spin dans une horloge atomique,https://doi.org/10.70675/e96de379za1a4z486ez8a0bzd24db9328a2e,Frédéric Combes,,dissertation,,,2026-10-05T10:38:18.435179+00:00,B
da8d7029f94239b5,crossref,horloge à eau de Ctésibios,"HUG 9, ff. 111r-v, inc. Horloge a peu de frais sans roües",https://doi.org/10.1163/2468-0303-cohu_09-102,,,dataset,,,2026-10-05T10:38:18.435197+00:00,B
17439f041deae9b4,crossref,horloge à eau de Ctésibios,Horloge à réseau optique à atomes de mercure exploitant un 2D-MOT : durée de vie de l'état 3P0 et mesures de fréquence,https://doi.org/10.70675/b79eb559z5f59z469cz99a6z5bc084c58e1b,Valentin Cambier,,dissertation,,,2026-10-05T10:38:18.435213+00:00,B
0588ae6c8b7b2071,crossref,horloge à eau de Ctésibios,Horloge optique miniature à ion piégé,https://doi.org/10.70675/37eec1a1z10a3z4a88zb28fzd23577d8ea4c,Bachir Achi,,dissertation,,,2026-10-05T10:38:18.435230+00:00,B
f6ca27aa92521953,crossref,horloge à eau de Ctésibios,Stabilisation d’émulsions eau-dans-eau par auto-assemblages de lipides,https://doi.org/10.70675/dea431d7z766dz4581z9d22zec08306d2a11,Noëmie Coudon,,dissertation,,,2026-10-05T10:38:18.435245+00:00,B
5be1c778c5760aa9,crossref,horloge à eau de Ctésibios,EAU,https://doi.org/10.1163/_eifo_dum_dcl311,,,dataset,,,2026-10-05T10:38:18.435261+00:00,B
89c0cec0738480a2,crossref,horloge à eau de Ctésibios,Eau,https://doi.org/10.1163/9789004206106_eifo_dum_dcl311,,,dataset,,,2026-10-05T10:38:18.435280+00:00,B
5bf8322f33959c60,crossref,horloge à eau de Ctésibios,Eau et société,https://doi.org/10.3917/bru.belai.2012.01.0249,,2012,book-chapter,,,2026-10-05T10:38:18.435294+00:00,B
38371c1c46368e90,crossref,horloge à eau de Ctésibios,Eau et société,https://doi.org/10.3917/bru.belai.2012.01.0187,Gérard Fritz,2012,book-chapter,,,2026-10-05T10:38:18.435309+00:00,B
69224399761cbbf5,openalex,clepsydre de Ctésibios,La clepsydre de Ctésibios,https://stm.cairn.info/la-fabuleuse-histoire-de-l-intelligence-artificielle--9782100813186-page-25,Clifford A Pickover,2021,academic_work,,,2026-10-05T10:38:19.292429+00:00,E
737a156bc500aef2,openalex,clepsydre de Ctésibios,Qu’on me donne un point d’appui et j’ébranlerai la Terre. À la recherche des savants celtes oubliés,https://doi.org/10.46608/dana9.9782356135377.15,Sophie Krausz,2023,academic_work,,Cet ouvrage offert à Béatrice Cauuet par ses collègues et amis rassemble plus de soixante-dix auteurs à travers plus de trente contributions qui touchent tous les domaines de recherche qu’elle a investis pendant sa carrière de chercheur au CNRS.,2026-10-05T10:38:19.292548+00:00,B
fb3597e9dda30732,crossref,clepsydre de Ctésibios,Clepsydre,https://doi.org/10.1163/9789004206106_eifo_dum_dcl186,,,dataset,,,2026-10-05T10:38:19.986625+00:00,B
8278cd95ee6ffd29,crossref,clepsydre de Ctésibios,CLEPSYDRE,https://doi.org/10.1163/_eifo_dum_dcl186,,,dataset,,,2026-10-05T10:38:19.986653+00:00,B
6223008a9e83542b,crossref,clepsydre de Ctésibios,De la clepsydre à l’horloge. L’art de mesurer le temps dans l’Empire ottoman,https://doi.org/10.1163/9789004217799_003,Frédéric Hitzel,2012,book-chapter,,,2026-10-05T10:38:19.986671+00:00,B
48137baa42881d0c,crossref,clepsydre de Ctésibios,Le temps de la clepsydre : phénoménologie du contre-transfert dans le cadre de la manie et de la mélancolie,https://doi.org/10.3917/cm.112.0217,Chirine Fares; Céline Masson,2025,journal-article,,,2026-10-05T10:38:19.986691+00:00,B
62890024111ca230,crossref,clepsydre de Ctésibios,Accueil et place des familles dans les services de réanimation néonatale et pédiatrique,https://doi.org/10.3917/psye.681.0051,Anna Cognet-Kayem; Anaïs Robin; Association Clepsydre,2025,journal-article,,,2026-10-05T10:38:19.986709+00:00,B
a66f94eddccb6932,crossref,clepsydre de Ctésibios,Les fragments de clepsydre de la dynastie des Argéades (332-304 av. J.-C.),https://doi.org/10.1484/j.cde.2.309316,Guy Lodomez,2007,journal-article,,,2026-10-05T10:38:19.986727+00:00,B
ecd68d972baec603,crossref,clepsydre de Ctésibios,ClePSYdre,https://doi.org/10.3917/lcp.175.0020,Sylvie Séguret,2013,journal-article,,,2026-10-05T10:38:19.986744+00:00,B
5df31594bd8a4e2d,crossref,clepsydre de Ctésibios,"DIB Mohammed, Le coeur insulaire, poésie, Paris, Editions de la Différence, collection Clepsydre, 2000, 108 p.",https://doi.org/10.7202/1041899ar,Soumya Ammar-Khodja,2001,journal-article,,,2026-10-05T10:38:19.986760+00:00,B
520b385a342192aa,crossref,clepsydre de Ctésibios,Figures anthropoïdes dans La Poupée (1968) et La Clepsydre (1973) de Wojciech J. Has : commentaires sur l’adaptation et l’Histoire,https://doi.org/10.3917/otra1.052.0076,Jessy Neau,2022,journal-article,,,2026-10-05T10:38:19.986799+00:00,B
e3e8237634ab6ef2,crossref,clepsydre de Ctésibios,Clepsydre,https://doi.org/10.2307/40114510,F. C. St. Aubyn; Jean Chauvel,1960,journal-article,,,2026-10-05T10:38:19.986818+00:00,B
f12567127b5ecbbe,crossref,clepsydre de Ctésibios,"Sylvie Anne Goldberg, La Clepsydre II. Temps de Jérusalem, temps de Babylone",https://doi.org/10.4000/assr.3157,Régine Azria,2005,journal-article,,,2026-10-05T10:38:19.986833+00:00,B
2b5d129706370d4e,crossref,clepsydre de Ctésibios,La clepsydre et l’oxymore : variations sur la Chantepleure,https://doi.org/10.3406/roma.2016.7503,Jean-Marie Fritz,2016,journal-article,,,2026-10-05T10:38:19.986848+00:00,B
59fb8117423661da,crossref,clepsydre de Ctésibios,De qui la clepsydre est-elle le nom? Une interprétation du fragment 100 d’Empédocle,https://doi.org/10.3406/reg.2008.7981,Marwan Rashed,2008,journal-article,,,2026-10-05T10:38:19.986864+00:00,B
15b8a271743d5ce0,crossref,clepsydre de Ctésibios,"« Comment concilier les deux choses ? » : de la figure du double à l’écriture du treizième mois dans les récits de Bruno Schulz et dans leur adaptation cinématographique, La Clepsydre de Wojciech Has (1973)",https://doi.org/10.3917/otra1.031.0283,Jessy Neau,2012,journal-article,,,2026-10-05T10:38:19.986882+00:00,B
b5eed7cef9e6ffd4,crossref,clepsydre de Ctésibios,"M organe L eray , Pour une mythographie de la décadence. Le miroir et la clepsydre . Paris, Classiques Garnier, « Bibliothèque des Lettres modernes », 2016. Un vol. de 369 p.",https://doi.org/10.3917/rhlf.164.0951y,Marie-France David-De Palacio,2016,journal-article,,,2026-10-05T10:38:19.986907+00:00,B
fea0dda579150353,crossref,clepsydre de Ctésibios,Etude comparée des structures dites “<i>en clepsydre</i>” de l'appareil conducteur du<i>Libocedrus decurrens</i>Torr. et des<i>Clepsydropsis</i>carbonifères,https://doi.org/10.1080/00378941.1944.10834373,Edouard Boureau,1944,journal-article,,,2026-10-05T10:38:19.986927+00:00,B
8581abb7cb4eb1df,crossref,clepsydre de Ctésibios,La girafe et la clepsydre,https://doi.org/10.3917/mond.141.0027,Audrey Becker,2014,journal-article,,,2026-10-05T10:38:19.986951+00:00,B
3f91eb3f07955a9a,crossref,clepsydre de Ctésibios,"Sylvie Anne Goldberg 
            La clepsydre. Essai sur la pluralité des temps dans le judaïsme, II, Temps de Jérusalem, temps de Babylone 
            Paris, Albin Michel, « Bibliothèque Albin Michel-Idées », 2004, 416 p.",https://doi.org/10.1017/s0395264900018783,Gérard Nahon,2005,journal-article,,,2026-10-05T10:38:19.986968+00:00,B
ff3d3fea0e7d2922,crossref,clepsydre de Ctésibios,"Sylvie Anne Goldberg, La Clepsydre. Essai sur la pluralité des temps dans le judaïsme",https://doi.org/10.4000/assr.1653,Régine Azria,2002,journal-article,,,2026-10-05T10:38:19.986987+00:00,B
8e302a46df7c2091,crossref,clepsydre de Ctésibios,QUANTIFICATION OF CLINICAL INERTIA DURING GENERAL PRACTITIONERʼS MANAGEMENT OF UNCONTROLLED HYPERTENSIVE PATIENTS-CLEPSYDRE STUDY,https://doi.org/10.1097/00004872-201106001-00297,X. Girerd; B. Fiquet; S. Quere; A. Francillon,2011,journal-article,,,2026-10-05T10:38:19.987004+00:00,B
68fe92dd8acb3201,openalex,Wasseruhr Ktesibios,"Zeit und Zeitmessung, kulturgeschichtlich betrachtet",https://doi.org/10.1002/phbl.19530091103,Hans Schimank,1953,academic_work,,"V w Professor H a n s B c h i w a n k, Hamburg *) Jeglichem Bemiihen um die lschaffung einer Zeitrfxhtlung oder gar einer Zeitanessung mu13 der Erwerb von ZeiObewuRtsein vorausgegangen sein.Denn erst der Mensch, der sich des Geschehens als eines zeitlichen bewuDt wurde, kennt die gorge urn die Zukunft und die Erinnerung an Vergangenes.Nur das Tier und das spielende Kind leben zeitlos, von den Erwachsenen tut es niemand mehr.ZeitbewuRtsein ist selbst den Angehorigen der kulturell auf niedriger Stufe stehenden S t ; i m e eigen.Zu welchem Zeitpunkt ein solches BewuRtsein sich zum ersten Male i m Menschen regte und an welchen Stellen der Erde dies gescha!h, ht unbekannt.Auf bloRer Vermutung beruht die Annahme, daI3 dies wichtlge Ereignis sich im Klimagebiet der gemaRigten Zone zutrug.Man nimrmt viel-fa& auch an, daO es astrcmomische Vongange warm, der Wechsel von Tag und Nacht, der Gestaltwandel des Mondes oder die Folge der Jahreszeiten, die zur Ausbildung der Zeitvorstellung anregten.So kann es gewesen sein, aber es mu13 es nicht.Die Schwierigkeit bei d e n Rekonstrukti~sversuchen friihen menschilichen Geschehens bestaht &rh, sich von den GewEhnungen und Vberlieferungen der eigenen Zeit und Umwelt frei zu machen.Wir selbst denken in den Begriffen von Jahr, Manat und Tag und verknupfen mit ihnen als selbstverstandlich die Vorstellung einer periodischen Wiederkehr.Aber ist diese Vorstellung denn wirklich eine so sdbstversttindliche und naheliegende, wie wir mainen?Spricht nicht manche Oberlieferung, manche Baeichnung dafiir, daB fur die Menschheit in der Morgenfriihe ihrer Geschichte jeder neu anbrechende Tag ein jiunger Tag, der neue Mmd wirklich e h anderer und neugeborener war?Die Venmutung, daB in der Unterscheidung der biologischen Lebensalter, in der Unterscheidung von Kindheit, Mannesreife und Greisentum die Urspriinge der Chronologie zu suchen sind, erscheint uns als zullssig und wahrscheinlich.Das naturbafte Jahr ist ater als das astronomische, eine Zeitteilung ndch irdischem Geschehen naherliagend als e h e der Verknupfung mit dem Lauf der Gestirne.Die Stamme Sibiriens unterschieden noch zu Beginn dieses Jahrhunderts zwischen einem groRen und kleinen Kaltemonat, zwischen der Zeit des Kommens und des Verschwhdens des Schnees oder der des Eisbruchs.Es gab fur sie einen Monat des ersten Grases, der Bluten des Flachses, der Beeren, des BEtterfalls, einen Monat des Lachses, des ,Rens, der Seerobben, der Kriihen, der Raben, der Eniten.Venvandte Arten der Jahresunterteilung begegnen uns bei Indianerstammen Nordamerikas, und auf die Benutzung eines Naturkalenders weist es hin, wenn fur die Samoaner das Auftreten des Palolowurms, fur die alten Agypter das Anschwellen des Nils den Anfang eines neuen Jahres bezeichnete.DaR die Fiihigkeit des Zahlens Voraussetzung fur jede Art verfeineiter Zeitbestimmung ist, leuchtet ein und wird ethnolcngisch durch die Feststel-*) Nach einem Vortrag auf der Jahrestagung der Dt.Ges.f .Chronometrie, Sept. 1952 in Hamburg.Der Wortlaut ist ebenfalls in das irn Okt.d.J. erschienene",2026-10-05T10:38:20.795980+00:00,B
fcca1942e6520732,openalex,Wasseruhr Ktesibios,Zur wissenschaftlichen Terminologie einer mathematischen Dissertation in Turku 1645,https://doi.org/10.71390/arctos.88972,Reijo Pitkäranta,1986,academic_work,,,2026-10-05T10:38:20.796023+00:00,B
cc03c4b18ab771ce,openalex,Wasseruhr Ktesibios,Zur musikalischen Konstruktion der Maschine,https://edoc.hu-berlin.de/18452/21041,Martin Carlé,2001,academic_work,,,2026-10-05T10:38:20.796041+00:00,E
584c3b27ed498491,openalex,Wasseruhr Ktesibios,2.1. Metamorphosen des Chaos – Kybernetik und Onto-Macht der Kontrolle,https://doi.org/10.1515/9783839440599-004,Lisa Handel,2019,academic_work,,"Metamorphosen des Chaos -Kybernetik und Onto-Macht der Kontrolle""Like Venus, cybernetics was born from the froth of chaos.""(Katherine Hayles, How we became posthuman) ""‚Kontrolle' ist der Name, den Burroughs vorschlägt, um das neue Monster zu bezeichnen, in dem Foucault unsere nahe Zukunft erkennt.""(Gilles Deleuze, Postskriptum über die Kontrollgesellschaften) ""Wir schwimmen gegen den reißenden Strom der Auflösung …"" (",2026-10-05T10:38:20.796059+00:00,B
9f6ff4cacf8e7fe7,crossref,Wasseruhr Ktesibios,Wasseruhr,https://doi.org/10.1163/1574-9347_dnp_e12209230,,,dataset,,,2026-10-05T10:38:21.320846+00:00,B
b7e094f34b11c617,crossref,Wasseruhr Ktesibios,Ktesibios,https://doi.org/10.1163/1574-9347_dnp_e623840,,,dataset,,,2026-10-05T10:38:21.320872+00:00,B
c45e3f4cbf4b1364,crossref,Wasseruhr Ktesibios,Ktesibios of Alexandria,https://doi.org/10.1002/9781444338386.wbeah09150,Ivana Petrovic,2012,other,,,2026-10-05T10:38:21.320889+00:00,B
866820c4fece6a0d,crossref,Wasseruhr Ktesibios,Wasseruhr,https://doi.org/10.24894/sprengglossarium_w02945,,2025,dataset,,,2026-10-05T10:38:21.320904+00:00,B
4744d46874a99408,crossref,Wasseruhr Ktesibios,3. Die Spritze des Ktesibios,https://doi.org/10.1515/9783110261431.494,,1976,book-chapter,,,2026-10-05T10:38:21.320933+00:00,B
f63621aa00cda88e,crossref,Wasseruhr Ktesibios,ON THE ALLEGED SECOND KTESIBIOS,https://doi.org/10.1111/j.1600-0498.1951.tb00597.x,A. G. Drachmann,1951,journal-article,,,2026-10-05T10:38:21.320947+00:00,B
d9726d57cf11587c,crossref,Wasseruhr Ktesibios,2. Die hydraulischen Maschinen des Ktesibios,https://doi.org/10.1515/9783110261431.490b,,1976,book-chapter,,,2026-10-05T10:38:21.320961+00:00,B
0c06ce1df658d103,crossref,Wasseruhr Ktesibios,<i>Ktesibios Philon and Heron. A Study in Ancient Pneumatics</i>. A. G. Drachmann,https://doi.org/10.1086/349247,,1951,journal-article,,,2026-10-05T10:38:21.320975+00:00,A
5b84275d85be5b5a,crossref,Wasseruhr Ktesibios,XII.Eine stelle des Claudius Galenus über die prüfung der sonnenuhren und die herstellung einer wasseruhr,https://doi.org/10.1524/phil.1866.23.14.448,Hermann Sauppe,1866,journal-article,,,2026-10-05T10:38:21.320991+00:00,B
a636d66650db06fb,crossref,Wasseruhr Ktesibios,Q 6 – Eine Wasseruhr aus der Zeit des Pharaos                               Amenophis III.,https://doi.org/10.7788/9783412518172.87,Rita Gautschy,2020,book-chapter,,,2026-10-05T10:38:21.321008+00:00,B
a06f8cd0680ff3d2,openalex,orologio ad acqua Ctesibio,Galileo e il pendolo: un esempio di scienza viva,https://doi.org/10.3280/cad2023-001002,Benedetto Scoppola,2023,academic_work,,Si descrive un’esperienza didattica in cui viene misurato l’isocronismo delle piccole oscillazioni del pendolo con un orologio ad acqua costruito dagli studenti sul modello dell’orologio di Ctesibio (III sec. a.C.),2026-10-05T10:38:24.806179+00:00,B
3137e45b106f7d72,openalex,orologio ad acqua Ctesibio,Gioco ingegno utopia. Automata sonori nel mondo greco romano. Alcuni spunti di riflessione,http://hdl.handle.net/2434/233510,Francesca Berlinzani,2013,academic_work,,"Il presente contributo raccoglie le testimonianze latine e greche relative ad automata sonori, reali od immaginari, individuandone le connessioni con l’ambiente storico e le strutture politico-sociali ed economiche in cui essi sono stati concepiti, e tratteggiando al tempo stesso le figure storiche di artefici di tali manufatti. Il lavoro percorre inoltre la dimensione ludica dell’intero processo di costruzione di tali oggetti stupefacenti, processo nel quale sono coinvolti al contempo processi di astrazione, meccanismi epistemologici, riscontri empirici, in un gioco giocato dall’artefice con i suoi spettatori ed interlocutori, nel dispiegarsi di sfide, enigmi, riconoscimenti.",2026-10-05T10:38:24.806201+00:00,E
fa5f378b737340a1,openalex,orologio ad acqua Ctesibio,"Iron, paper, inkpoetics and reasons for an exhibition project",https://hdl.handle.net/10023/33020,"Borgo, Francesca",2023,academic_work,,"Il volume raccoglie le testimonianze dei curatori delle più importanti mostre su Leonardo realizzate nel 2019 in occasione delle celebrazioni per il cinquecentenario della morte del Vinciano. Le iniziative sono illustrate in ordine cronologico e i testi dedicano particolare attenzione alle fasi di progettazione, ai restauri, all’allestimento, ai supporti multimediali, alle attività educative e promozionali, agli obiettivi e ai risultati. Le mostre sono raccontate con contributi originali, che restituiscono un’aggiornata documentazione sullo stato della conoscenza della personalità artistica di Leonardo e della sua scuola, sulle ultime novità, ipotesi, attribuzioni. Il volume diventa così uno strumento prezioso per l’approfondimento degli studi, oltreché per la diffusione della conoscenza sulla vita e l’opera dell’artista.",2026-10-05T10:38:24.806231+00:00,E
f227d6dc353b1d12,openalex,orologio ad acqua Ctesibio,Tecnologia nautica ed economie antiche: Tra pensiero scientifico e cambiamenti istituzionali,https://etd.adm.unipi.it/theses/available/etd-04012026-121520,MARCO MARTINEZ,2026,academic_work,,"This dissertation explores the relationship between technology and the economy in the Greek world, adopting an interdisciplinary perspective that integrates the history of science, maritime archaeology, and economic history. The first chapter examines mechanistic forms of thought in antiquity, highlighting how authors such as Pseudo-Aristotle and Heron conceived of technology as a natural phenomenon explainable through scientific principles, thereby establishing a link between theoretical understanding and practical application. The second chapter adopts a bottom-up approach, examining the Egyptian baris through archaeological, iconographic, and documentary evidence, and documents the collective production of knowledge aimed at practical effectiveness, a concept defined as “useful knowledge.” The third chapter compares technical and institutional efflorescence in the case of Hellenistic Delos, highlighting that economic growth was predominantly driven by institutional changes, while technological infrastructure innovations constituted established applications of pre-existing techniques. The research argues that ancient technology could contribute to economic development only if accompanied by innovation, whereas in ordinary contexts the primary role was played by institutions. The thesis thus offers a philosophical reflection on the nature of technology and knowledge in the ancient world, highlighting the interactions between science, practice, and social organization.",2026-10-05T10:38:24.806266+00:00,A
1f7b0736f9e00806,crossref,orologio ad acqua Ctesibio,"Orologio, Giovanni Dondi dall'",https://doi.org/10.1093/gmo/9781561592630.article.20488,Gianluca D’Agostino,2001,reference-book,,,2026-10-05T10:38:25.428821+00:00,B
dab8e5566ab54bf3,crossref,orologio ad acqua Ctesibio,"Orologio,  Alessandro",https://doi.org/10.1553/0x0001dbfd,,,component,,,2026-10-05T10:38:25.428849+00:00,B
118de578d3f17582,crossref,orologio ad acqua Ctesibio,"Orologio [Horologius], Alessandro",https://doi.org/10.1093/gmo/9781561592630.article.20487,Keith Polk,2001,reference-book,,,2026-10-05T10:38:25.428880+00:00,B
677dc9d09214b5d2,crossref,orologio ad acqua Ctesibio,ACQUA,https://doi.org/10.5270/esa-t3oh82j,,,dataset,,,2026-10-05T10:38:25.428895+00:00,B
31fdf0bdf4068119,crossref,orologio ad acqua Ctesibio,LA MODELLAZIONE 3D DI UNA RUOTA AD ACQUA DEL XVI SECOLO,https://doi.org/10.36253/me-8791,Martino Sacchi,2020,journal-article,,,2026-10-05T10:38:25.428915+00:00,B
8b5f40aa59c8405d,crossref,orologio ad acqua Ctesibio,Conduttivita elettrica acquistata dall’aria proveniente da una soffieria ad acqua,https://doi.org/10.1007/bf02709474,A. Pochettino,1902,journal-article,,,2026-10-05T10:38:25.428930+00:00,B
e0589223500615a6,crossref,orologio ad acqua Ctesibio,"Alessandro Dell' Acqua, Milan",https://doi.org/10.5040/9781350914551,,2008,other,,,2026-10-05T10:38:25.428946+00:00,B
c611bdf104072b79,crossref,orologio ad acqua Ctesibio,"The works of Orologio: Alessandro Orologio,Opera omnia",https://doi.org/10.1093/em/xxx.3.475,L. Stras,2002,journal-article,,,2026-10-05T10:38:25.428959+00:00,B
5b0e17c4d6557db7,crossref,orologio ad acqua Ctesibio,A APRENDIZAGEM DO NADO SINCRONIZADO,https://doi.org/10.24824/978854440909.1,Josiette Lunkmoss DallAcqua; Flavia Liz Lunkmoss DallAcqua,2016,book,,,2026-10-05T10:38:25.428972+00:00,B
2d36a72487ff9953,crossref,orologio ad acqua Ctesibio,Delle variazioni nella intensità e nella forza elettromotrice in una coppia elettrica ad acqua di mare,https://doi.org/10.1007/bf02737280,Carlo Cattaneo,1884,journal-article,,,2026-10-05T10:38:25.428986+00:00,B
959cd4416e40e33b,crossref,orologio ad acqua Ctesibio,Acqua e biosfera,https://doi.org/10.4000/books.mimesis.1183,Giovanni Aliotta,2016,book-chapter,,,2026-10-05T10:38:25.429003+00:00,B
0c69522644375b3c,crossref,orologio ad acqua Ctesibio,Quel dannato orologio biologico,https://doi.org/10.1007/978-88-470-2044-3_2,Nunzia Bonifati,2012,book-chapter,,,2026-10-05T10:38:25.429017+00:00,B
ad143f4ae16622b4,crossref,orologio ad acqua Ctesibio,Sopra alcuni fenomeni che si osservano nel passaggio di una corrente elettrica per un voltametro ad acqua,https://doi.org/10.1007/bf02719134,Adolfo Bartoli,1878,journal-article,,,2026-10-05T10:38:25.429029+00:00,B
5c82c99549150ed1,crossref,orologio ad acqua Ctesibio,Il polietilene nel trasporto di acqua,https://doi.org/10.1007/88-470-0356-3_2,,,book-chapter,,,2026-10-05T10:38:25.429042+00:00,B
f8d9a3113c854bb4,crossref,orologio ad acqua Ctesibio,Sopra alcuni fenomeni che si osservano nel passaggio di una corrente elettrica per un voltametro ad acqua,https://doi.org/10.1007/bf02717661,Adolfo Bartoli,1870,journal-article,,,2026-10-05T10:38:25.429054+00:00,B
784e3c24297f6bc0,crossref,orologio ad acqua Ctesibio,"«Per le anime è morte diventare acqua» (fr. 36 DK), dice Eraclito",https://doi.org/10.1484/m.mon-eb.4.00140,,2012,book-chapter,,,2026-10-05T10:38:25.429067+00:00,B
1f68397d0f67429f,crossref,orologio ad acqua Ctesibio,Contribuciones de Ctesibio de Alejandría,https://doi.org/10.29166/pr.vi3.10247,Everzon Dominguez,2024,journal-article,,,2026-10-05T10:38:25.429081+00:00,B
3b996638e1a3207b,crossref,orologio ad acqua Ctesibio,Acqua Alta,https://doi.org/10.2307/j.ctt20mvgqw.30,,,book-chapter,,,2026-10-05T10:38:25.429094+00:00,B
8012ec6a43a39055,crossref,orologio ad acqua Ctesibio,Sopra alcuni fenomeni che si osservano nel passaggio di una corrente elettrica per un voltametro ad acqua,https://doi.org/10.1007/bf02719133,Adolfo Bartoli,1878,journal-article,,,2026-10-05T10:38:25.429107+00:00,B
e61199981fda950a,openalex,reloj de agua Ctesibio,La ley del reloj. Orígenes de la metáfora de la máquina en la arquitectura,https://doi.org/10.20868/cn.2015.3121,Eduardo Prieto,2015,academic_work,,"Los edificios no son máquinas. No lo son, desde luego, si se sigue la definición que da de ellas el Essai sur la composition des machines, el excelente manual publicado en 1808 por dos ingenieros españoles, Betancourt y Lanz, y que fue el primero de su género (Betancourt, 1808:5). Allí las máquinas se presentan como objetos que sirven para dirigir y regular una fuerza o, dicho con mayor sencillez, para producir un movimiento. A nadie se le oculta, sin embargo, que en la arquitectura no hay movimiento, y si lo hay es en un mero sentido figurado, como cuando se tratan los edificios como canales que distribuyen flujos o se incide en su capacidad para transformarse, o como cuando, simplemente, se pone el énfasis en los artefactos movibles que forman parte de ellos. En realidad, la distancia entre las máquinas y los edificios es tan grande que solo puede salvarse con metáforas impropias, pues ni la arquitectura se mueve ni las máquinas se habitan. Sin embargo, las máquinas no han dejado de tratarse como objetos análogos a los edificios y han mesmerizado a los arquitectos, que han creído ver en ellas no solo metáforas, sino modelos rigurosos de organización, cuando no objetos sublimes dignos de imitarse. ¿Qué explica su presencia recurrente en la teoría de la arquitectura de los últimos tres siglos?",2026-10-05T10:38:26.316907+00:00,B
037f200008f2c264,openalex,reloj de agua Ctesibio,Historia de la robótica: de Arquitas de Tarento al robot Da Vinci (Parte I),https://doi.org/10.4321/s0210-48062007000200001,F.M. Sánchez-Martín; Felix Millan Rodriguez; J. Salvador Bayarri; Juan Palou Redorta; F. Rodríguez Escovar; Salvador Esquena fernández; Humberto Villavicencio mavrich,2007,academic_work,,"HISTORIA DE LA ROBÓTICA: DESDE ARQUITAS DE TARENTO HASTA EL ROBOT DA VINCI. (PARTE I)La cirugía robótica es la última novedad tecnológica en urología.Para conocer como funcionan los nuevos robots es interesante conocer su historia.La fabricación de máquinas que imitan al ser humano se ha mantenido desde hace más de 4000 años.Existen referencias a King-su Tse, China clásica, que inventa un autómata en el 500 a. C. Arquitas de Tarento (hacia 400 a.C.) es considerado el padre de la ingeniería mecánica, y uno de los maestros clásicos de la robótica occidental.Figuras como Heron de Alejandría, Hsieh-Fec, Al-Jazari, Roger Bacon, Juanelo Turriano, Leonardo da Vinci, Vaucanson o von Kempelen construyeron robots en la edad media, el renacimiento y el clasicismo.En el siglo XIX existe un auge de los autómatas y se producen importantes avances en todas las ramas de la ingeniería.En 1942 Asimov publica las tres leyes de la robótica coincidiendo con el inicio de la robótica moderna, basada en los avances en mecánica, electrónica e informática.El desarrollo de robots en el terreno industrial, bélico y aeroespacial durante el siglo XX permite la aparición de robots de gran precisión, útiles en cirugía, como el robot quirúrgico da Vinci (Intuitive Surgical Inc, Sunnyvale, CA, USA).",2026-10-05T10:38:26.316950+00:00,A
44e3a88bd097721c,openalex,reloj de agua Ctesibio,La Tumba del Elefante de la Necrópolis Romana de Carmona. Una revisión necesaria desde la Arqueología de la Arquitectura y la Arqueoastronomía,https://doi.org/10.3989/aespa.085.012.007,Alejandro Jiménez Hernández; Inmaculada Carrasco Gómez,2012,academic_work,,Presentamos una revisión de la Tumba del Elefante en la Necrópolis Romana de Carmona (Sevilla) realizada bajo principios metodológicos de la Arqueología de la Arquitectura y la Arqueoastronomía. Los resultados obtenidos muestran que el edificio tuvo varias fases de uso y que fue construido para albergar un mitreo como indican su forma y la simbología derivada del análisis arqueoastronómico de la orientación solar de la ventana.,2026-10-05T10:38:26.316980+00:00,B
0ae1c45bd2fe30c0,openalex,reloj de agua Ctesibio,Las relaciones ciencia-tecnología después de Merton,https://doi.org/10.20932/barataria.v0i6.244,Víctor H. Silva Guijarro,2006,academic_work,,"En el año 1938, Robert K. Merton, reconocido como uno de los grandes sociólogos del siglo XX, recientemente fallecido a la edad de 93 años, publicaba su tesis doctoral revisada con el título de Ciencia, Tecnología y Sociedad en la Inglaterra del siglo XVII (CTSI). La aparición de esta obra, ya clásica en la historiografía y la sociología de la ciencia, significaba la culminación de una etapa, que ocupa los años 1920 y 1930, en la que adquieren un notable protagonismo los enfoques conocidos como ""externalistas"", esto es, los trabajos centrados en subrayar la influencia de los factores sociales, culturales y económicos en la constitución y el devenir de la ciencia y la tecnología. CTSI representó así una contribución decisiva a esta tendencia mediante la defensa, acompañada de abundante información estadística, de dos conocidas tesis. Por un lado, se relacionaban las formas inglesas del puritanismo con la promoción de la ciencia en general y, por el otro, se conectaban los focos de interés económico de la época con el sesgo tecnológico que adquieren determinadas áreas de la ciencia, siendo las ciencias físicas las beneficiadas en los índices de atención de los filósofos naturales y matemáticos de la época. Mientras que la primera idea fue objeto de numerosos debates y controversias, que pueden consultarse en la recopilación de I. E. Cohen, Puritanism and the Rise of Modern Science (1990), la segunda no despertó en los años sucesivos un interés similar. Una prueba de esta desproporción la aporta la conmemoración del 50 aniversario de la publicación de CTSI.",2026-10-05T10:38:26.317004+00:00,B
1a03743d48870250,openalex,reloj de agua Ctesibio,Para una Historia de los Tratados y Manuales Técnicos,http://dx.doi.org/10.55411/26652544.19,Rodrígo Artunduaga,2018,academic_work,,"Frente a la inminencia de un mundo globalizado, integrado e integracionista, se ve la necesidad de hacernos la pregunta por la identidad. Esta aproximación a la historia de los tratados y manuales técnicos es una invitación a la búsqueda de sentido de las distintas prácticas profesionales referentes a la técnica, y para crear una escuela de la creatividad que debe mirar atrás para encontrar inspiración y fundamentación humanista para el presente.",2026-10-05T10:38:26.317037+00:00,B
d2d1bec93093af6e,openalex,reloj de agua Ctesibio,Propuesta de material didáctico para física y química en eso mediante el desarrollo contextualizado de secuencias de actividades relacionadas con fenómenos cotidianos,https://doi.org/10.30827/digibug.69435,Víctor Manuel Muñoz Marín,2021,academic_work,,"La percepción de la ciencia por parte del alumnado de secundaria como algo desconectado de su vida diaria, dogmática y difícil, parece estar en la raíz del creciente desinterés por el estudio de las ciencias entre adolescentes.En este trabajo presentamos una propuesta didáctica basada en el aprendizaje por indagación y contextualizado, con el objetivo de fomentar la motivación del alumnado.En la línea de algunas reformas de la enseñanza científica en marcha actualmente, utilizamos un fenómeno complejo, atractivo y vinculado a la vida cotidiana del alumnado, como hilo conductor durante una secuencia de actividades en las que estudiamos aspectos concretos del fenómeno.Todo ello con metodologías activas y principalmente cooperativas, que ponen al alumnado en el centro del aprendizaje.Como resultado del trabajo mostramos tres secuencias de actividades diseñadas para la asignatura de Física y Química de diversos cursos de ESO, que constituyen tanto ejemplos de aplicación de esta metodología como bancos de actividades que pueden utilizarse independientemente.Así mismo, la manera de abordar el aprendizaje, con un enfoque competencial y conectado a diversos ámbitos de conocimiento pone de manifiesto el potencial de esta metodología para trabajar de forma integrada con otras materias.",2026-10-05T10:38:26.317059+00:00,B
2f7e79a919bbfd07,openalex,reloj de agua Ctesibio,La Revolución olvidada: aspectos lingüísticos de una pérdida y recuperación. Reflexiones sobre un ensayo de Lucio Russo,http://hdl.handle.net/10550/30337,Chantal María Ferrer Roca; Andrea Bombi,2012,academic_work,,"Este artículo propone algunas reflexiones sobre la dimensión lingüística del conocimiento científico, a partir de la lectura del estimulante ensayo de Lucio Russo “La rivoluzione dimenticata”, casi desconocido en España no obstante su ya largo recorrido editorial y las recensiones en varios países, tanto en revistas de ciencia, e historia, como de filosofía y cultura clásica. La tesis que el ensayo plantea es que esa singularidad que conocemos como ciencia moderna no sucedió por primera vez en la historia con Copérnico, Galileo, Kepler o Newton en los siglos XVI y XVII, sino que se originó entre los siglos IV a II a.C., en Alejandría y otras ciudades orientales. El desarrollo científico y tecnológico helenístico, no siempre reconocido por la historiografía, es expuesto exhaustivamente por Russo, replanteando la visión de este periodo en su relación con la revolución científica, más similar al proceso de aparición y desarrollo del humanismo de lo que estamos acostumbrados a pensar. Pero el ensayo de Russo no se limita a aportar un exhaustivo estado de la cuestión sobre la ciencia, la tecnología y la cultura helenísticas sino que reconstruye pacientemente aspectos de la ciencia helenística ocultos detrás de redacciones corrompidas por la compleja tradición textual, con una solidez argumentativa que se apoya en la lectura directa de textos literarios antiguos y modernos. Russo concede especial atención a las distorsiones sufridas por la ciencia helenística en su transmisión y, como reverso de la moneda, a la dificultad de reconstrucción de esas ideas a partir de las fuentes clásicas, en un esfuerzo de apropiación que contribuye decisivamente a configurar una identidad de fondo entre ""antiguos"" y ""modernos"". El alcance de la operación de Russo se entiende mejor con algunos ejemplos que también nos permitirán referirnos a un aspecto central de la revolución científica de la época moderna: los movimientos de la Tierra y los planetas en un sistema heliocéntrico. Bajo esta perspectiva, el conocimiento científico se atisba más frágil de lo que el deslumbrante progreso tecnológico deja suponer, y se plantea de forma acuciante el problema de la responsabilidad de educadores y divulgadores.",2026-10-05T10:38:26.317090+00:00,E
b45694c36d4506ac,openalex,reloj de agua Ctesibio,Esquema de Referencia para Acoplamiento Débil entre Sistema Informático y Equipo de Producción,https://doi.org/10.20868/upm.thesis.39360,José Eduardo Acosta Cano de los Ríos,2015,academic_work,,"La meta de intercambiabilidad de piezas establecida en los sistemas de producción del siglo XIX, es ampliada en el último cuarto del siglo pasado para lograr la capacidad de fabricación de varios tipos de producto en un mismo sistema de manufactura, requerimiento impulsado por la incertidumbre del mercado. Esta incertidumbre conduce a plantear la flexibilidad como característica importante en el sistema de producción. La presente tesis se ubica en el problema de integración del sistema informático (SI) con el equipo de producción (EP) en la búsqueda de una solución que coadyuve a satisfacer los requerimientos de flexibilidad impuestas por las condiciones actuales de mercado. Se describen antecedentes de los sistemas de producción actuales y del concepto de flexibilidad. Se propone una clasificación compacta y práctica de los tipos de flexibilidad relevantes en el problema de integración SI-EP, con la finalidad de ubicar el significado de flexibilidad en el área de interés. Así mismo, las variables a manejar en la solución son clasificadas en cuatro tipos: Medio físico, lenguajes de programación y controlador, naturaleza del equipo y componentes de acoplamiento. Por otra parte, la característica de reusabilidad como un efecto importante y deseable de un sistema flexible, es planteada como meta en la solución propuesta no solo a nivel aplicación del sistema sino también a nivel de reuso de conceptos de diseño. Se propone un esquema de referencia en tres niveles de abstracción, que permita manejar y reutilizar en forma organizada el conocimiento del dominio de aplicación (integración SI-EP), el desarrollo de sistemas de aplicación genérica así como también la aplicación del mismo en un caso particular. Un análisis del concepto de acoplamiento débil (AD) es utilizado como base en la solución propuesta al problema de integración SI-EP. El desarrollo inicia identificando condiciones para la existencia del acoplamiento débil, compensadores para soportar la operación del sistema bajo AD y los efectos que ocasionan en el sistema informático los cambios en el conjunto de equipos de producción. Así mismo, se introducen como componentes principales del acoplamiento los componentes tecnológico, tarea y rol, a utilizar en el análisis de los requerimientos para el desarrollo de una solución de AD entre SI-EP. La estructura de tres niveles del esquema de referencia propuesto surge del análisis del significado de conceptos de referencia comúnmente reportados en la literatura, tales como arquitectura de referencia, modelo de referencia, marco de trabajo, entre otros. Se presenta un análisis de su significado como base para la definición de cada uno de los niveles de la estructura del esquema, pretendiendo con ello evitar la ambigüedad existente debido al uso indistinto de tales conceptos en la literatura revisada. Por otra parte, la relación entre niveles es definida tomando como base la estructura de cuatro capas planteada en el área de modelado de datos. La arquitectura de referencia, implementada en el primer nivel del esquema propuesto es utilizada como base para el desarrollo del modelo de referencia o marco de trabajo para el acoplamiento débil entre el SI y el EP. La solución propuesta es validada en la integración de un sistema informático de coordinación de flujo y procesamiento de pieza con un conjunto variable de equipos de diferentes tipos, naturaleza y fabricantes. En el ejercicio de validación se abordaron diferentes estándares y técnicas comúnmente empleadas como soporte al problema de integración a nivel componente tecnológico, tales como herramientas de cero configuración (ejemplo: plug and play), estándar OPC-UA, colas de mensajes y servicios web, permitiendo así ubicar el apoyo de estas técnicas en el ámbito del componente tecnológico y su relación con los otros componentes de acoplamiento: tarea y rol. ABSTRACT The interchangeability of parts, as a goal of manufacturing systems at the nineteenth century, is extended into the present to achieve the ability to manufacture various types of products in the same manufacturing system, requirement associated with market uncertainty. This uncertainty raises flexibility as an important feature in the production system. This thesis addresses the problem regarding integration of software system (SS) and the set of production equipment (PE); looking for a solution that contributes to satisfy the requirements of flexibility that the current market conditions impose on manufacturing, particularly to the production floor. Antecedents to actual production systems as well as the concept of flexibility are described and analyzed in detail. A practical and compact classification of flexibility types of relevance to the integration SS-EP problem is proposed with the aim to delimit the meaning of flexibility regarding the area of interest. Also, a classification for the variables involved in the integration problem is presented into four types: Physical media, programming and controller languages, equipment nature and coupling components. In addition, the characteristic of reusability that has been seen as an important and desirable effect of a flexible system is taken as a goal in the proposed solution, not only at system implementation level but also at system design level. In this direction, a reference scheme is proposed consisting of three abstraction levels to systematically support management and reuse of domain knowledge (SS-PE), development of a generic system as well as its application in a particular case. The concept of loose coupling is used as a basis in the development of the proposed solution to the problem of integration SS-EP. The first step of the development process consists of an analysis of the loose coupled concept, identifying conditions for its existence, compensators for system operation under loose coupling conditions as well as effects in the software system caused by modification in the set of production equipment. In addition coupling components: technological, task and role are introduced as main components to support the analysis of requirements regarding loose coupling of SS-PE. The three tier structure of the proposed reference scheme emerges from the analysis of reference concepts commonly reported in the literature, such as reference architecture, reference model and framework, among others. An analysis of these concepts is used as a basis for definition of the structure levels of the proposed scheme, trying to avoid the ambiguity due to the indiscriminate use of such concepts in the reviewed literature. In addition, the relation between adjacent levels of the structure is defined based on the four tiers structure commonly used in the data modelling area. The reference architecture is located as the first level in the structure of the proposed reference scheme and it is utilized as a basis for the development of the reference model or loose coupling framework for SS-PE integration. The proposed solution is validated by integrating a software system (process and piece flow coordination system) with a variable set of production equipment including different types, nature and manufacturers of equipment. Furthermore, in this validation exercise, different standards and techniques commonly used have been taken into account to support the issue of technology coupling component, such as tools for zero configuration (i.e. Plug and Play), message queues, OPC-UA standard, and web services. Through this part of the validation exercise, these integration tools are located as a part of the technological component and they are related to the role and task components of coupling.",2026-10-05T10:38:26.317143+00:00,B
48886ca92807c513,openalex,reloj de agua Ctesibio,"Especular, disfrutar, conocer: máquinas musicales en Robert Fludd, Salomon de Caus y Athanasius Kircher",http://www.centrodedocumentacionmusicaldeandalucia.es/ojs/index.php/mos/article/view/67,Alfredo Aracil,1999,academic_work,,"Llamamos normalmente máquinas musicales a los ingenios mecánicos capaces de sonar por sí mismos gracias a algún procedimiento automático. Pueden ser simples artificios mecánicos, o muñecos —normalmente zoomorfos o androides— que simulan tocar instrumentos musicales, o bien autómatas dotados de articulaciones y resortes que les permiten tocar realmente ellos mismos los instrumentos. Han existido en casi todas las culturas: su primera Edad de Oro coincide con el florecimiento de la Escuela de Alejandría, en los siglos inmediatamente anteriores al nacimiento de Cristo, pero su gran eclosión y desarrollo tendrá lugar en Europa a partir del siglo XVI hasta los primeros años del XX. Llamaré también, aquí, máquinas musicales a aquellas estructuras nemotécnicas o fantasías mecánicas que no van más allá del papel impreso, pero que desde él nos llegan como proyecto utópico o como metáfora de armonías más elevadas que las simplemente sonoras. Salvo contadas excepciones, estas máquinas —unas y otras- constituyen un interesante punto de encuentro, como la música misma, entre la ciencia y la fantasía, aparentemente tan separadas.",2026-10-05T10:38:26.317232+00:00,E
bfa6bc5d8a56c86f,openalex,reloj de agua Ctesibio,Desde el imperio grecorromano a la actualidad: influencia e inspiración del imperio grecorromano en las máquinas y mecanismos actuales,https://hdl.handle.net/20.500.14468/26051,Francisco Franco Martínez; Javier Echávarri-Otero; Adrián López Arrabal,2024,academic_work,,"Organizado y patrocinado por: Federación iberoamericana de Ingeniería Mecánica y Universidad de Concepción - Chile. Departamento de Mecánica, FeIbIm – FeIbEM",2026-10-05T10:38:26.317267+00:00,E
25c2b82867050050,openalex,reloj de agua Ctesibio,Autómata,https://doi.org/10.22395/csye.v11n21a13,Luis Alfonso Paláu Castaño,2022,academic_work,,"Traducción del francés al español de Luis Alfonso Paláu-Castaño «Para comenzar, la imagen del autómata evoca la de una máquina, es decir, la de un objeto artificial capaz de movimientos coherentes destinados a transformar la energía y a utilizar esta transformación para efectuar tareas prescritas; y el autómata es una máquina que posee, como único matiz, el hecho de que puede controlar él mismo sus movimientos y que la finalidad de estos y de las transformaciones energéticas que autoriza parece ser su propio fin. Este carácter intrínseco del autómata técnico se encuentra en sus diversas definiciones, por ejemplo: “pequeños artefactos autómatas, es decir que se mueven por sí mismos”. Es esta definición la que propone Rabelais en 1534 en Gargantúa (I, 24) cuando el término nace en la lengua francesa, cebando una constelación de sentidos donde afloran los términos autosuficiencia, autonomía, libertad, imitación de la vida, transferidos al plano real (el del trabajo, el de la industria) o imaginario (el del arte, de lo fantástico, de la fantasía). Se habla entonces de automatismo (o automático) para designar funcionamientos espontáneos (la escritura automática), regulares, ritmados.»",2026-10-05T10:38:26.317288+00:00,B
ba9cda8388146278,openalex,reloj de agua Ctesibio,Greco-Roman organs: hydraulic and pneumatic: written sources,http://hdl.handle.net/10017/38111,Manuel Lafarga Marqués; Teresa Chàfer Bixquert; Vicente Llimerá,2018,academic_work,,"Es de sobra conocida la escasez de fuentes relativa a las prácticas musicales del mundo clásico, tanto literarias como iconográficas, un mundo claramente “musical” poblado de coros e instrumentos durante casi un milenio. Esta circunstancia resulta especialmente acusada para algunos dispositivos que podían producir sonidos simultáneos, los cuales guardasen entre sí una cierta relación modal, tonal, o armónica. Se desconoce si el ""hydraulis"" cumplía con este requisito, a saber, producir más de un sonido a la vez, de un modo similar a los mecanismos homólogos actuales, aunque sí se sabe que por alguna razón el instrumento se ubicó igualmente en las iglesias cristianas ya desde los últimos siglos del Imperio. El artículo describe la historia y el mecanismo del instrumento de un modo general, así como algunos problemas terminológicos relacionados, y revisa unas setenta fuentes literarias conservadas hasta finales del siglo V d. C., tanto paganas como cristianas. Nuestro estudio da pie a dos nuevas líneas de investigación que revisarán una las fuentes iconográficas conservadas del mismo período, y otra las referencias posteriores que confirman su supervivencia en adelante en Oriente, y su reintroducción en Occidente a partir de la época carolingia.",2026-10-05T10:38:26.317314+00:00,E
aa80833043097f07,openalex,reloj de agua Ctesibio,Formas teatrales del Al-Andalus : restos del memoricidio,https://doi.org/10.5944/rllcgv.vol.8.2002.5844,Francesc Massip,2002,academic_work,,"VniversiSal de BarcelonaUno de los pocos escritores hispánicos claramente posicionados en favor del mestizaje, Juan Goytisolo, en su último libro, Cogitas interrupíus (1999), hace una contundente reivindicación de las profundas raíces árabojudías de la cultura ibérica, deliberadamente regateadas por la «invención de una idea de Europa», fundada en la ocultación y negación de lo árabe», que se formula en el Renacimiento y que según Alain de Libera fue una ruptura profunda y consciente «con el mundo filosófico y cultural musulmán» (Goytisolo 1999: 155), opiniones abruptamente descalificadas, con dudosos argumentos, por Serafín Fanjul {Al-Andalus contra España.La forja del mito, 2000), que se inscribe en el revisionismo histórico activado por el gobierno conservador imperante.Goytisolo exhorta a la Europa del nuevo milenio a reincorporar aquel patrimonio cultural compartido durante todo el Medioevo, «como expresión de una occidentalidad distinta, representada por Al Andalus en el terreno de la arquitectura, filosofía, ciencia y literatura» (id,: 149), en concordancia con una presencia semita de casi mil años en la Península Ibérica.Presencia árabojudía interrumpida por traumáticas expulsiones, deportaciones o puro exterminio.Una de las tantas consecuencias del «memoricidio» que ejerce cierta enseñanza al uso como culminación del genocidio y devastación cultural perpetradas por la España imperial durante más de tres siglos, es el desconocimiento más absoluto en tomo a la actividad espectacular de la cultura andalusí y las íntimas huellas que dejó en la práctica teatral occidental, que ya va siendo hora que comiencen a desvelarse.Hoy nos proponemos insinuar algunas vías para intentar reconocer las vetas árabes que quedaron cristalizadas en el mármol del teatro europeo.",2026-10-05T10:38:26.317347+00:00,B
efe2e2099f90268c,openalex,reloj de agua Ctesibio,,https://doi.org/10.33324/daya.v1i3,,2017,academic_work,,"Se edita semestralmente en español en los meses de diciembre y junio, en formato impreso y digital.Su objetivo es la difusión de investigaciones en las áreas de diseño, el arte y la arquitectura, poniendo énfasis en aquellas que permiten una reflexión en torno al contexto latinoamericano, sin dejar de lado los aportes de carácter universal, que posean una visión transdisciplinaria.DAYA considera las contribuciones teóricas o técnicas de contenido científico académico en torno a diversas disciplinas como el diseño gráfico, diseño industrial, diseño multimedia, diseño textil, diseño de indumentaria, diseño de espacios interiores, restauración, urbanismo, construcciones, proyectos arquitectónicos, paisajismo, artes escénicas, entre otros.En este sentido, se reúnen aquí textos originales, artículos de revisión, comunicaciones en congresos, estados de arte, análisis de obras, informes técnicos, entre otros.En este marco, DAYA mantiene una invitación constante a través de convocatorias abiertas a colaboradores de la Universidad del Azuay y externos que quieran publicar textos originales e inéditos, exclusivos para esta revista.Se espera ser privilegiados por autores del ámbito nacional e internacional hispanoamericano.Los artículos presentados para publicación son sometidos a una evaluación editorial, lo que implica que, en el momento de ser aprobados, se le otorga a la entidad editora una licencia para la reproducción impresa de las contribuciones, así como para versiones digitales.Los autores de los artículos deberán enviar los originales con sus respectivos resúmenes, carta de autoría e imágenes en buena resolución a revistadaya@uazuay.edu.echasta la fecha indicada en cada convocatoria abierta.Las normas de elaboración de las referencias bibliográficas",2026-10-05T10:38:26.317378+00:00,B
96bab818d3579eb7,openalex,reloj de agua Ctesibio,"Ars topiaria, Mise-en-scène y entradas triunfales. El arte como placer y la ciencia como la máquina del mundo durante los siglos XVI y XVII.",https://doi.org/10.6035/millars.2018.45.8,Isabel María Lloret Sos,2018,academic_work,,"Arte y ciencia resultan aparentemente dos conceptos antagónicos, más si cabe, si los englobamos durante los siglos XVI y XVII. El arte que se desarrolló durante este periodo estaba asociado a la religión, a la Fe, a la Contrarreforma. Mientras que la ciencia, se asocia al mundo intelectual, a la experiencia y a la razón. Estos dos ámbitos opuestos van a interactuar en diferentes espacios lúdicos con un fin lúdico-festivo. Placer y sensibilidad se convertirán en hijos de la ciencia destinada al hedonismo Barroco.",2026-10-05T10:38:26.317409+00:00,B
83566e9c9e1525fb,openalex,reloj de agua Ctesibio,¿Humanizar o no humanizar? he ahí el dilema,https://doi.org/10.35383/apuntes.v8i1.1250,Ángel Jeancarlo Coaquira Flores,2025,academic_work,,"La injerencia de la Inteligencia Artificial (IA) y la robótica en absolutamente todos los ámbitos sobre los que el ser humano se desenvuelve, junto a la pandemia de COVID y el incremento de la brecha demográfica entre la población geriátrica y la disponibilidad de talento humano en el sector salud, han demandado el uso de robots sociales dentro del sector sanitario. Si bien es cierto que, debido a la apariencia física y capacidad de interactuar que poseen los robots sociales, los ha hecho aparentemente idóneos para emplearlos con pacientes como adultos con discapacidad intelectual o psicosocial, se hace imperioso el analizar las cuestiones jurídico sociales provenientes del despliegue de este tipo de autómatas en el ámbito sanitario. Siendo así, las principales problemáticas sociales encontradas fueron: el redimensionamiento de las relaciones que se generan en los centros de salud, la desconfianza de los pacientes hacia los sistemas autónomos y los peligros provenientes de la humanización de la robótica. Finalmente, a nivel jurídico se evidenció la existencia de cuestiones como la posible filtración de data sensible a lo largo del ciclo de vida de los robots y la tan confusa relación entre los accidentes promovidos por las máquinas y la responsabilidad civil.",2026-10-05T10:38:26.317430+00:00,B
ca5f606e103c383d,crossref,reloj de agua Ctesibio,El reloj circadiano de Arabidopsis thaliana,https://doi.org/10.18567/sebbmdiv_anc.2015.06.1,Paloma Mas,2015,report,,,2026-10-05T10:38:27.063164+00:00,B
7e92c89ee15ff97b,crossref,reloj de agua Ctesibio,RELOJ DE PIE,https://doi.org/10.2307/j.ctv86dh8t.66,,,book-chapter,,,2026-10-05T10:38:27.063183+00:00,B
95288cf9b7f0462c,crossref,reloj de agua Ctesibio,RELOJ DE ARENA,https://doi.org/10.2307/j.ctv86dh8t.23,,,book-chapter,,,2026-10-05T10:38:27.063198+00:00,B
801e23187905e420,crossref,reloj de agua Ctesibio,El retraso del reloj latinoamericano,https://doi.org/10.22201/fcpys.2448492xe.1996.165.49515,Xavier Rodríguez Ledesma,2015,journal-article,,,2026-10-05T10:38:27.063212+00:00,B
d0b1a9394687785f,crossref,reloj de agua Ctesibio,El reloj. El gato y Madagascar,https://doi.org/10.12795/rea.1983.i01.09,José Luis Sampedro,1983,journal-article,,,2026-10-05T10:38:27.063225+00:00,B
169681b7c5125f38,crossref,reloj de agua Ctesibio,El mecanismo de reloj de las generaciones,https://doi.org/10.2307/j.ctvt7x6rn.9,,2012,book-chapter,,,2026-10-05T10:38:27.063238+00:00,B
0ddd46e5ee5700e9,crossref,reloj de agua Ctesibio,LA LUZ,https://doi.org/10.2307/j.ctvt7x5xm.7,,2014,book-chapter,,,2026-10-05T10:38:27.063251+00:00,B
ba2dd10f3f1d6dfe,crossref,reloj de agua Ctesibio,Reloj de lluvia,https://doi.org/10.21071/hikma.v2i2.6772,Magdalena LÓPEZ PÉREZ,2003,journal-article,,,2026-10-05T10:38:27.063263+00:00,B
e6ebff88c0de034d,crossref,reloj de agua Ctesibio,Front Matter,https://doi.org/10.2307/j.ctvt7x5xm.1,,2014,book-chapter,,,2026-10-05T10:38:27.063275+00:00,B
97ec195768f17e17,crossref,reloj de agua Ctesibio,VERTU NIÉE; EL VELO,https://doi.org/10.2307/j.ctvt7x5xm.11,,2014,book-chapter,,,2026-10-05T10:38:27.063288+00:00,B
59ffb5f2fd2d7dc8,crossref,reloj de agua Ctesibio,El mensaje reencontrado,https://doi.org/10.2307/j.ctvt7x5xm,LOUIS CATTIAUX,2014,monograph,,,2026-10-05T10:38:27.063302+00:00,B
f90fdfa5a6335f7b,crossref,reloj de agua Ctesibio,Progeria: cuando el reloj de la vida se acelera,https://doi.org/10.64628/aao.mx376sn5n,Diana Iglesias,2023,posted-content,,,2026-10-05T10:38:27.063315+00:00,B
5806e0b683f0f789,crossref,reloj de agua Ctesibio,Reloj de archivos,https://doi.org/10.29340/39.247,Juan Manuel Herrera,2013,journal-article,,,2026-10-05T10:38:27.063328+00:00,B
c084163d55a02367,crossref,reloj de agua Ctesibio,"Estudio, diseño e implementación de un driver de reloj para CCDS utilizando la fuente de corriente de Howland mejorada",https://doi.org/10.7764/tesisuc/ing/16849,Braulio Javier Cancino Vera,,dissertation,,,2026-10-05T10:38:27.063342+00:00,B
844c1284d307bfaf,crossref,reloj de agua Ctesibio,ÉRIN VÊTUE; LAS FLORES,https://doi.org/10.2307/j.ctvt7x5xm.40,,2014,book-chapter,,,2026-10-05T10:38:27.063359+00:00,B
360942c6fa45ace9,crossref,reloj de agua Ctesibio,VÉRITÉ NUE; EL BROTE VERDE,https://doi.org/10.2307/j.ctvt7x5xm.8,,2014,book-chapter,,,2026-10-05T10:38:27.063372+00:00,B
e60d4d08247faaf9,crossref,reloj de agua Ctesibio,REINE VEUT; REY SALVA,https://doi.org/10.2307/j.ctvt7x5xm.43,,2014,book-chapter,,,2026-10-05T10:38:27.063386+00:00,B
27185a55ea5aeab9,crossref,reloj de agua Ctesibio,Table of Contents,https://doi.org/10.2307/j.ctvt7x5xm.2,,2014,book-chapter,,,2026-10-05T10:38:27.063399+00:00,B
938de150e66adf0b,crossref,reloj de agua Ctesibio,Madre brillante,https://doi.org/10.2307/j.ctvt7x5xm.6,,2014,book-chapter,,,2026-10-05T10:38:27.063411+00:00,B
96ab66f20befbb53,crossref,Κτησίβιος υδραυλικό ρολόι,Μετρήσεις χρόνου και σχετικά αστρονομικά όργανα στην ελληνική αρχαιότητα,https://doi.org/10.12681/eadd/37573,Ευαγγελία Πάνου,,dissertation,,,2026-10-05T10:38:29.887168+00:00,B
4a38fa3c5a832aa7,crossref,Κτησίβιος υδραυλικό ρολόι,To βιολογικό ρολόι των μαθητών/τριών  και η σχέση του με την φοίτηση. Η  επίδραση του ύπνου και οι απόψεις των μαθητών/τριών Δευτεροβάθμιας  Εκπαίδευσης,https://doi.org/10.12681/edusc.3375,Βασιλική Νοτοπούλου,2021,journal-article,,,2026-10-05T10:38:29.887202+00:00,B
340b1fec206e508f,crossref,Κτησίβιος υδραυλικό ρολόι,Σχεδιάζω Ηλιακό Ρολόι στο Σχολείο μου και το Αξιοποιώ Εκπαιδευτικά: Πώς η Διαδικτυακή Κοινότητα Πρακτικής «Εξ αποστάσεως Εκπαίδευση» συντονίζει μια Δράση Ευρείας Κλίμακας,https://doi.org/10.12681/codiste.7815,Μανόλης Κουσλόγλου; Παναγιώτης Παζούλης; Μιχάλης Δογραματζίδης; Αρχιμήδης Καραγιαννίδης,2025,journal-article,,,2026-10-05T10:38:29.887227+00:00,B
